<?xml version="1.0" encoding="UTF-8"?>
<Patch>
  
  <!-- Mod Support for Mechanoid Power Research -->
  <Operation Class="PatchOperationFindMod">
	<mods>
		<li>Mechanoid Power</li>
	</mods>
	<match Class="PatchOperationSequence">
		<success>Always</success>
		<operations>
			<!-- Prerequisites -->
			<li Class="PatchOperationAdd">
				<xpath>/Defs/ResearchProjectDef[defName="ANN_EnergyCore"]/recipeMaker/researchPrerequisite</xpath>
				<value>
				  <li>MPC_MechanoidPowerSource</li>
				</value>
			</li>
			<!-- Mechanoid Power Cell 2 Build -->
			<li Class="PatchOperationAdd">
				<xpath>/Defs/ThingDef[defName="ANN_EnergyCore"]/costList</xpath>
				<value>
					<MPC_MechanoidPCell>1</MPC_MechanoidPCell>
				</value>
			</li>
		</operations>
	</match>
  </Operation>

</Patch>