<?xml version="1.0" encoding="utf-8" ?>
<Defs>

<!-- Energy Core -->
  <RecipeDef ParentName="SurgeryFlesh">
    <defName>ANN_InstallEnergyCore</defName>
    <label>install energy core</label>
    <description>Install an energy Core.</description>
    <workerClass>Recipe_InstallArtificialBodyPart</workerClass>
    <jobString>Installing heart.</jobString>
    <workAmount>5000</workAmount>
    <deathOnFailedSurgeryChance>0.15</deathOnFailedSurgeryChance>
	<surgerySuccessChanceFactor>0.90</surgerySuccessChanceFactor>
	<recipeUsers>
		<li>Human</li>
	</recipeUsers>
    <skillRequirements>
      <Medicine>16</Medicine>
    </skillRequirements>
    <ingredients>
      <li>
        <filter>
          <categories>
            <li>Medicine</li>
          </categories>
        </filter>
        <count>3</count>
      </li>
      <li>
        <filter>
          <thingDefs>
            <li>ANN_EnergyCore</li>
          </thingDefs>
        </filter>
        <count>1</count>
      </li>
    </ingredients>
    <fixedIngredientFilter>
      <categories>
        <li>Medicine</li>
      </categories>
      <thingDefs>
        <li>ANN_EnergyCore</li>
      </thingDefs>
    </fixedIngredientFilter>
    <appliedOnFixedBodyParts>
      <li>Heart</li> <!-- Torso -->
    </appliedOnFixedBodyParts>
    <addsHediff>Trunken_hediff_EnergyCore</addsHediff>
  </RecipeDef>

<!-- Energy Link -->
  <RecipeDef ParentName="SurgeryFlesh">
    <defName>ANN_InstallEnergyLink</defName>
    <label>install energy link</label>
    <description>Install a energy link.</description>
    <workerClass>Recipe_InstallArtificialBodyPart</workerClass>
    <jobString>Installing spine.</jobString>
    <workAmount>10000</workAmount>
    <deathOnFailedSurgeryChance>0.15</deathOnFailedSurgeryChance>
	<surgerySuccessChanceFactor>0.90</surgerySuccessChanceFactor>
	<recipeUsers>
		<li>Human</li>
	</recipeUsers>
    <skillRequirements>
      <Medicine>18</Medicine>
    </skillRequirements>
    <ingredients>
      <li>
        <filter>
          <categories>
            <li>Medicine</li>
          </categories>
        </filter>
        <count>3</count>
      </li>
      <li>
        <filter>
          <thingDefs>
            <li>ANN_EnergyLink</li>
          </thingDefs>
        </filter>
        <count>1</count>
      </li>
    </ingredients>
    <fixedIngredientFilter>
      <categories>
        <li>Medicine</li>
      </categories>
      <thingDefs>
        <li>ANN_EnergyLink</li>
      </thingDefs>
    </fixedIngredientFilter>
    <appliedOnFixedBodyParts>
      <li>Spine</li>
    </appliedOnFixedBodyParts>
    <addsHediff>Trunken_hediff_EnergyLink</addsHediff>
  </RecipeDef>

<!-- Energy Fist -->
  <RecipeDef ParentName="SurgeryFlesh">
    <defName>ANN_InstallEnergyFist</defName>
    <label>install energy fist</label>
    <description>Install a energy fist.</description>
    <workerClass>Recipe_InstallArtificialBodyPart</workerClass>
    <jobString>Installing energy fist.</jobString>
    <workAmount>5000</workAmount>
    <deathOnFailedSurgeryChance>0</deathOnFailedSurgeryChance>
	<surgerySuccessChanceFactor>0.90</surgerySuccessChanceFactor>
	<recipeUsers>
		<li>Human</li>
	</recipeUsers>
    <skillRequirements>
      <Medicine>15</Medicine>
    </skillRequirements>
    <ingredients>
      <li>
        <filter>
          <categories>
            <li>Medicine</li>
          </categories>
        </filter>
        <count>2</count>
      </li>
      <li>
        <filter>
          <thingDefs>
            <li>ANN_EnergyFist</li>
          </thingDefs>
        </filter>
        <count>1</count>
      </li>
    </ingredients>
    <fixedIngredientFilter>
      <categories>
        <li>Medicine</li>
      </categories>
      <thingDefs>
        <li>ANN_EnergyFist</li>
      </thingDefs>
    </fixedIngredientFilter>
    <appliedOnFixedBodyParts>
      <li>Hand</li>
    </appliedOnFixedBodyParts>
    <addsHediff>Trunken_hediff_EnergyFist</addsHediff>
  </RecipeDef>

<!-- Outer Wrist Blade -->
  <RecipeDef ParentName="SurgeryFlesh">
    <defName>ANN_InstallOuterBlade</defName>
    <label>install outer blade</label>
    <description>Install an outer blade.</description>
    <workerClass>Recipe_InstallArtificialBodyPart</workerClass>
    <jobString>Installing forearm.</jobString>
    <workAmount>6000</workAmount>
    <deathOnFailedSurgeryChance>0</deathOnFailedSurgeryChance>
	<surgerySuccessChanceFactor>0.90</surgerySuccessChanceFactor>
	<recipeUsers>
		<li>Human</li>
	</recipeUsers>
    <skillRequirements>
      <Medicine>12</Medicine>
    </skillRequirements>
    <ingredients>
      <li>
        <filter>
          <categories>
            <li>Medicine</li>
          </categories>
        </filter>
        <count>2</count>
      </li>
      <li>
        <filter>
          <thingDefs>
            <li>ANN_OuterBlade</li>
          </thingDefs>
        </filter>
        <count>1</count>
      </li>
    </ingredients>
    <fixedIngredientFilter>
      <categories>
        <li>Medicine</li>
      </categories>
      <thingDefs>
        <li>ANN_OuterBlade</li>
      </thingDefs>
    </fixedIngredientFilter>
    <appliedOnFixedBodyParts>
      <li>Arm</li> <!-- Wrist -->
    </appliedOnFixedBodyParts>
    <addsHediff>Trunken_hediff_OuterBlade</addsHediff>
  </RecipeDef>

<!-- Power Arms -->
  <RecipeDef ParentName="SurgeryFlesh">
    <defName>InstallPowerArms</defName>
    <label>install power arms</label>
    <description>Install a power arm.</description>
    <workerClass>Recipe_InstallArtificialBodyPart</workerClass>
    <jobString>Installing shoulder.</jobString>
    <workAmount>3500</workAmount>
    <deathOnFailedSurgeryChance>0</deathOnFailedSurgeryChance>
	<surgerySuccessChanceFactor>0.90</surgerySuccessChanceFactor>
	<recipeUsers>
		<li>Human</li>
	</recipeUsers>
    <skillRequirements>
      <Medicine>14</Medicine>
    </skillRequirements>
    <ingredients>
      <li>
        <filter>
          <categories>
            <li>Medicine</li>
          </categories>
        </filter>
        <count>2</count>
      </li>
      <li>
        <filter>
          <thingDefs>
            <li>ANN_PowerArms</li>
          </thingDefs>
        </filter>
        <count>1</count>
      </li>
    </ingredients>
    <fixedIngredientFilter>
      <categories>
        <li>Medicine</li>
      </categories>
      <thingDefs>
        <li>ANN_PowerArms</li>
      </thingDefs>
    </fixedIngredientFilter>
    <appliedOnFixedBodyParts>
      <li>Shoulder</li>
    </appliedOnFixedBodyParts>
    <addsHediff>Trunken_hediff_PowerArms</addsHediff>
  </RecipeDef>

<!-- Berserker Chip -->
  <RecipeDef ParentName="SurgeryFlesh">
    <defName>ANN_InstallBerserkerChip</defName>
    <label>install berserker chip</label>
    <description>Install a berserker chip.</description>
    <workerClass>Recipe_InstallImplant</workerClass>
    <jobString>Installing berserker chip.</jobString>
    <workAmount>5000</workAmount>
    <deathOnFailedSurgeryChance>0.05</deathOnFailedSurgeryChance>
	<surgerySuccessChanceFactor>0.90</surgerySuccessChanceFactor>
	<recipeUsers>
		<li>Human</li>
	</recipeUsers>
    <skillRequirements>
      <Medicine>12</Medicine>
    </skillRequirements>
    <ingredients>
      <li>
        <filter>
          <categories>
            <li>Medicine</li>
          </categories>
        </filter>
        <count>3</count>
      </li>
      <li>
        <filter>
          <thingDefs>
            <li>ANN_BerserkerChip</li>
          </thingDefs>
        </filter>
        <count>1</count>
      </li>
    </ingredients>
    <fixedIngredientFilter>
      <categories>
        <li>Medicine</li>
      </categories>
      <thingDefs>
        <li>ANN_BerserkerChip</li>
      </thingDefs>
    </fixedIngredientFilter>
    <appliedOnFixedBodyParts>
      <li>Brain</li>
    </appliedOnFixedBodyParts>
    <addsHediff>Trunken_hediff_BerserkerChip</addsHediff>
  </RecipeDef>

<!-- Mindtwist -->
  <RecipeDef ParentName="SurgeryFlesh">
    <defName>ANN_InstallMindtwist</defName>
    <label>install mindtwist</label>
    <description>Install a mindtwist.</description>
    <workerClass>Recipe_InstallImplant</workerClass>
    <jobString>Installing mindtwist.</jobString>
    <workAmount>9000</workAmount>
    <deathOnFailedSurgeryChance>0.10</deathOnFailedSurgeryChance>
	<surgerySuccessChanceFactor>0.90</surgerySuccessChanceFactor>
	<recipeUsers>
		<li>Human</li>
	</recipeUsers>
    <skillRequirements>
      <Medicine>13</Medicine>
    </skillRequirements>
    <ingredients>
      <li>
        <filter>
          <categories>
            <li>Medicine</li>
          </categories>
        </filter>
        <count>2</count>
      </li>
      <li>
        <filter>
          <thingDefs>
            <li>ANN_Mindtwist</li>
          </thingDefs>
        </filter>
        <count>1</count>
      </li>
    </ingredients>
    <fixedIngredientFilter>
      <categories>
        <li>Medicine</li>
      </categories>
      <thingDefs>
        <li>ANN_Mindtwist</li>
      </thingDefs>
    </fixedIngredientFilter>
    <appliedOnFixedBodyParts>
      <li>Brain</li>
    </appliedOnFixedBodyParts>
    <addsHediff>Trunken_hediff_Mindtwist</addsHediff>
  </RecipeDef>

<!-- Autonomic Viruskiller -->
  <RecipeDef ParentName="SurgeryFlesh">
    <defName>ANN_InstallAutonomicViruskiller</defName>
    <label>install autonomic viruskiller</label>
    <description>Install an autonomic viruskiller.</description>
    <workerClass>Recipe_InstallArtificialBodyPart</workerClass>
    <jobString>Installing liver.</jobString>
    <workAmount>2000</workAmount>
    <deathOnFailedSurgeryChance>0</deathOnFailedSurgeryChance>
	<surgerySuccessChanceFactor>0.90</surgerySuccessChanceFactor>
	<recipeUsers>
		<li>Human</li>
	</recipeUsers>
    <skillRequirements>
      <Medicine>10</Medicine>
    </skillRequirements>
    <ingredients>
      <li>
        <filter>
          <categories>
            <li>Medicine</li>
          </categories>
        </filter>
        <count>2</count>
      </li>
      <li>
        <filter>
          <thingDefs>
            <li>ANN_Autonomicviruskiller</li>
          </thingDefs>
        </filter>
        <count>1</count>
      </li>
    </ingredients>
    <fixedIngredientFilter>
      <categories>
        <li>Medicine</li>
      </categories>
      <thingDefs>
        <li>ANN_Autonomicviruskiller</li>
      </thingDefs>
    </fixedIngredientFilter>
    <appliedOnFixedBodyParts>
      <li>Liver</li>
    </appliedOnFixedBodyParts>
    <addsHediff>Trunken_hediff_Autonomicviruskiller</addsHediff>
  </RecipeDef>

<!-- Muse Chip -->
  <RecipeDef ParentName="SurgeryFlesh">
    <defName>ANN_InstallMuseChip</defName>
    <label>install muse chip</label>
    <description>Install a muse chip.</description>
    <workerClass>Recipe_InstallImplant</workerClass>
    <jobString>Installing muse chip.</jobString>
    <workAmount>8000</workAmount>
    <deathOnFailedSurgeryChance>0.05</deathOnFailedSurgeryChance>
	<surgerySuccessChanceFactor>0.90</surgerySuccessChanceFactor>
	<recipeUsers>
		<li>Human</li>
	</recipeUsers>
    <skillRequirements>
      <Medicine>10</Medicine>
    </skillRequirements>
    <ingredients>
      <li>
        <filter>
          <categories>
            <li>Medicine</li>
          </categories>
        </filter>
        <count>2</count>
      </li>
      <li>
        <filter>
          <thingDefs>
            <li>ANN_MuseChip</li>
          </thingDefs>
        </filter>
        <count>1</count>
      </li>
    </ingredients>
    <fixedIngredientFilter>
      <categories>
        <li>Medicine</li>
      </categories>
      <thingDefs>
        <li>ANN_MuseChip</li>
      </thingDefs>
    </fixedIngredientFilter>
    <appliedOnFixedBodyParts>
      <li>Brain</li>
    </appliedOnFixedBodyParts>
    <addsHediff>Trunken_hediff_MuseChip</addsHediff>
  </RecipeDef>

<!-- Neuro Enhancer -->
  <RecipeDef ParentName="SurgeryFlesh">
    <defName>ANN_InstallNeuroEnhancer</defName>
    <label>install neuro enhancer</label>
    <description>Install a neuro enhancer.</description>
    <workerClass>Recipe_InstallImplant</workerClass>
    <jobString>Installing neuro enhancer.</jobString>
    <workAmount>8000</workAmount>
    <deathOnFailedSurgeryChance>0.10</deathOnFailedSurgeryChance>
	<surgerySuccessChanceFactor>0.90</surgerySuccessChanceFactor>
	<recipeUsers>
		<li>Human</li>
	</recipeUsers>
    <skillRequirements>
      <Medicine>17</Medicine>
    </skillRequirements>
    <ingredients>
      <li>
        <filter>
          <categories>
            <li>Medicine</li>
          </categories>
        </filter>
        <count>3</count>
      </li>
      <li>
        <filter>
          <thingDefs>
            <li>ANN_NeuroEnhancer</li>
          </thingDefs>
        </filter>
        <count>1</count>
      </li>
    </ingredients>
    <fixedIngredientFilter>
      <categories>
        <li>Medicine</li>
      </categories>
      <thingDefs>
        <li>ANN_NeuroEnhancer</li>
      </thingDefs>
    </fixedIngredientFilter>
    <appliedOnFixedBodyParts>
      <li>Brain</li>
    </appliedOnFixedBodyParts>
    <addsHediff>Trunken_hediff_NeuroEnhancer</addsHediff>
  </RecipeDef>

<!-- Flash Light -->
  <RecipeDef ParentName="SurgeryFlesh">
    <defName>ANN_InstallFlashLight</defName>
    <label>install flash light</label>
    <description>Install a flash light.</description>
    <workerClass>Recipe_InstallArtificialBodyPart</workerClass>
    <jobString>Installing ear.</jobString>
    <workAmount>2000</workAmount>
    <deathOnFailedSurgeryChance>0</deathOnFailedSurgeryChance>
	<surgerySuccessChanceFactor>0.90</surgerySuccessChanceFactor>
	<recipeUsers>
		<li>Human</li>
	</recipeUsers>
    <skillRequirements>
      <Medicine>8</Medicine>
    </skillRequirements>
    <ingredients>
      <li>
        <filter>
          <categories>
            <li>Medicine</li>
          </categories>
        </filter>
        <count>2</count>
      </li>
      <li>
        <filter>
          <thingDefs>
            <li>ANN_FlashLight</li>
          </thingDefs>
        </filter>
        <count>1</count>
      </li>
    </ingredients>
    <fixedIngredientFilter>
      <categories>
        <li>Medicine</li>
      </categories>
      <thingDefs>
        <li>ANN_FlashLight</li>
      </thingDefs>
    </fixedIngredientFilter>
    <appliedOnFixedBodyParts>
      <li>Ear</li>
    </appliedOnFixedBodyParts>
    <addsHediff>Trunken_hediff_FlashLight</addsHediff>
  </RecipeDef>

<!-- Laser Detection -->
  <RecipeDef ParentName="SurgeryFlesh">
    <defName>ANN_InstallLaserDetection</defName>
    <label>install laser detection</label>
    <description>Install a laser detector.</description>
    <workerClass>Recipe_InstallArtificialBodyPart</workerClass>
    <jobString>Installing ear.</jobString>
    <workAmount>2000</workAmount>
    <deathOnFailedSurgeryChance>0</deathOnFailedSurgeryChance>
	<surgerySuccessChanceFactor>0.90</surgerySuccessChanceFactor>
	<recipeUsers>
		<li>Human</li>
	</recipeUsers>
    <skillRequirements>
      <Medicine>8</Medicine>
    </skillRequirements>
    <ingredients>
      <li>
        <filter>
          <categories>
            <li>Medicine</li>
          </categories>
        </filter>
        <count>2</count>
      </li>
      <li>
        <filter>
          <thingDefs>
            <li>ANN_LaserDetection</li>
          </thingDefs>
        </filter>
        <count>1</count>
      </li>
    </ingredients>
    <fixedIngredientFilter>
      <categories>
        <li>Medicine</li>
      </categories>
      <thingDefs>
        <li>ANN_LaserDetection</li>
      </thingDefs>
    </fixedIngredientFilter>
    <appliedOnFixedBodyParts>
      <li>Ear</li>
    </appliedOnFixedBodyParts>
    <addsHediff>Trunken_hediff_LaserDetection</addsHediff>
  </RecipeDef>

<!-- Sensoric Earside -->
  <RecipeDef ParentName="SurgeryFlesh">
    <defName>ANN_InstallSensoricEarside</defName>
    <label>install sensoric earside</label>
    <description>Install a sensoric earside.</description>
    <workerClass>Recipe_InstallArtificialBodyPart</workerClass>
    <jobString>Installing ear.</jobString>
    <workAmount>2000</workAmount>
    <deathOnFailedSurgeryChance>0</deathOnFailedSurgeryChance>
	<surgerySuccessChanceFactor>0.90</surgerySuccessChanceFactor>
	<recipeUsers>
		<li>Human</li>
	</recipeUsers>
    <skillRequirements>
      <Medicine>8</Medicine>
    </skillRequirements>
    <ingredients>
      <li>
        <filter>
          <categories>
            <li>Medicine</li>
          </categories>
        </filter>
        <count>2</count>
      </li>
      <li>
        <filter>
          <thingDefs>
            <li>ANN_SensoricEarside</li>
          </thingDefs>
        </filter>
        <count>1</count>
      </li>
    </ingredients>
    <fixedIngredientFilter>
      <categories>
        <li>Medicine</li>
      </categories>
      <thingDefs>
        <li>ANN_SensoricEarside</li>
      </thingDefs>
    </fixedIngredientFilter>
    <appliedOnFixedBodyParts>
      <li>Ear</li>
    </appliedOnFixedBodyParts>
    <addsHediff>Trunken_hediff_SensoricEarside</addsHediff>
  </RecipeDef>

<!-- Combat AI -->
  <RecipeDef ParentName="SurgeryFlesh">
    <defName>ANN_InstallCombatAI</defName>
    <label>install combat ai</label>
    <description>Install a combat ai.</description>
    <workerClass>Recipe_InstallImplant</workerClass>
    <jobString>Installing brain.</jobString>
    <workAmount>5000</workAmount>
    <deathOnFailedSurgeryChance>0.05</deathOnFailedSurgeryChance>
	<surgerySuccessChanceFactor>0.90</surgerySuccessChanceFactor>
	<recipeUsers>
		<li>Human</li>
	</recipeUsers>
    <skillRequirements>
      <Medicine>17</Medicine>
    </skillRequirements>
    <ingredients>
      <li>
        <filter>
          <categories>
            <li>Medicine</li>
          </categories>
        </filter>
        <count>3</count>
      </li>
      <li>
        <filter>
          <thingDefs>
            <li>ANN_CombatAI</li>
          </thingDefs>
        </filter>
        <count>1</count>
      </li>
    </ingredients>
    <fixedIngredientFilter>
      <categories>
        <li>Medicine</li>
      </categories>
      <thingDefs>
        <li>ANN_CombatAI</li>
      </thingDefs>
    </fixedIngredientFilter>
    <appliedOnFixedBodyParts>
      <li>Brain</li>
    </appliedOnFixedBodyParts>
    <addsHediff>Trunken_hediff_CombatAI</addsHediff>
  </RecipeDef>

<!-- Cyclops Visor -->
  <RecipeDef ParentName="SurgeryFlesh">
    <defName>ANN_InstallCyclopsVisor</defName>
    <label>install cyclops visor</label>
    <description>Install a cyclops visor.</description>
    <workerClass>Recipe_InstallArtificialBodyPart</workerClass>
    <jobString>Installing cyclops visor.</jobString>
    <workAmount>8500</workAmount>
    <deathOnFailedSurgeryChance>0</deathOnFailedSurgeryChance>
	<surgerySuccessChanceFactor>0.90</surgerySuccessChanceFactor>
	<recipeUsers>
		<li>Human</li>
	</recipeUsers>
    <skillRequirements>
      <Medicine>14</Medicine>
    </skillRequirements>
    <ingredients>
      <li>
        <filter>
          <categories>
            <li>Medicine</li>
          </categories>
        </filter>
        <count>1</count>
      </li>
      <li>
        <filter>
          <thingDefs>
            <li>ANN_CyclopsVisor</li>
          </thingDefs>
        </filter>
        <count>1</count>
      </li>
    </ingredients>
    <fixedIngredientFilter>
      <categories>
        <li>Medicine</li>
      </categories>
      <thingDefs>
        <li>ANN_CyclopsVisor</li>
      </thingDefs>
    </fixedIngredientFilter>
    <appliedOnFixedBodyParts>
      <li>Eye</li>
    </appliedOnFixedBodyParts>
    <addsHediff>Trunken_hediff_CyclopsVisor</addsHediff>
  </RecipeDef>

<!-- Shadowrunner -->
  <RecipeDef ParentName="SurgeryFlesh">
    <defName>ANN_InstallShadowrunner</defName>
    <label>install shadowrunner</label>
    <description>Install a shadowrunner.</description>
    <workerClass>Recipe_InstallImplant</workerClass>
    <jobString>Installing shadowrunner.</jobString>
    <workAmount>6500</workAmount>
    <deathOnFailedSurgeryChance>0.05</deathOnFailedSurgeryChance>
	<surgerySuccessChanceFactor>0.90</surgerySuccessChanceFactor>
	<recipeUsers>
		<li>Human</li>
	</recipeUsers>
    <skillRequirements>
      <Medicine>12</Medicine>
    </skillRequirements>
    <ingredients>
      <li>
        <filter>
          <categories>
            <li>Medicine</li>
          </categories>
        </filter>
        <count>2</count>
      </li>
      <li>
        <filter>
          <thingDefs>
            <li>ANN_Shadowrunner</li>
          </thingDefs>
        </filter>
        <count>1</count>
      </li>
    </ingredients>
    <fixedIngredientFilter>
      <categories>
        <li>Medicine</li>
      </categories>
      <thingDefs>
        <li>ANN_Shadowrunner</li>
      </thingDefs>
    </fixedIngredientFilter>
    <appliedOnFixedBodyParts>
      <li>Lung</li>
    </appliedOnFixedBodyParts>
    <addsHediff>Trunken_hediff_Shadowrunner</addsHediff>
  </RecipeDef>

<!-- Musclewire -->
  <RecipeDef ParentName="SurgeryFlesh">
    <defName>ANN_InstallMusclewire</defName>
    <label>install musclewire</label>
    <description>Install a musclewire.</description>
    <workerClass>Recipe_InstallArtificialBodyPart</workerClass>
    <jobString>Installing transplantion.</jobString>
    <workAmount>7500</workAmount>
    <deathOnFailedSurgeryChance>0</deathOnFailedSurgeryChance>
	<surgerySuccessChanceFactor>0.90</surgerySuccessChanceFactor>
	<recipeUsers>
		<li>Human</li>
	</recipeUsers>
    <skillRequirements>
      <Medicine>13</Medicine>
    </skillRequirements>
    <ingredients>
      <li>
        <filter>
          <categories>
            <li>Medicine</li>
          </categories>
        </filter>
        <count>1</count>
      </li>
      <li>
        <filter>
          <thingDefs>
            <li>ANN_Musclewire</li>
          </thingDefs>
        </filter>
        <count>1</count>
      </li>
    </ingredients>
    <fixedIngredientFilter>
      <categories>
        <li>Medicine</li>
      </categories>
      <thingDefs>
        <li>ANN_Musclewire</li>
      </thingDefs>
    </fixedIngredientFilter>
    <appliedOnFixedBodyParts>
      <li>Leg</li>
    </appliedOnFixedBodyParts>
    <addsHediff>Trunken_hediff_Musclewire</addsHediff>
  </RecipeDef>

<!-- Dermalplating -->
  <RecipeDef ParentName="SurgeryFlesh">
    <defName>ANN_InstallDermalplating</defName>
    <label>install dermalplating</label>
    <description>Install a dermalplating.</description>
    <workerClass>Recipe_InstallImplant</workerClass>
    <jobString>Installing skin transplantion.</jobString>
    <workAmount>9000</workAmount>
    <deathOnFailedSurgeryChance>0.20</deathOnFailedSurgeryChance>
	<surgerySuccessChanceFactor>0.90</surgerySuccessChanceFactor>
	<recipeUsers>
		<li>Human</li>
	</recipeUsers>
    <skillRequirements>
      <Medicine>14</Medicine>
    </skillRequirements>
    <ingredients>
      <li>
        <filter>
          <categories>
            <li>Medicine</li>
          </categories>
        </filter>
        <count>3</count>
      </li>
      <li>
        <filter>
          <thingDefs>
            <li>ANN_Dermalplating</li>
          </thingDefs>
        </filter>
        <count>1</count>
      </li>
    </ingredients>
    <fixedIngredientFilter>
      <categories>
        <li>Medicine</li>
      </categories>
      <thingDefs>
        <li>ANN_Dermalplating</li>
      </thingDefs>
    </fixedIngredientFilter>
    <appliedOnFixedBodyParts>
      <li>Torso</li>
    </appliedOnFixedBodyParts>
    <addsHediff>Trunken_hediff_Dermalplating</addsHediff>
  </RecipeDef>

<!-- Exoskeleton Armor -->
  <RecipeDef ParentName="SurgeryFlesh">
    <defName>ANN_InstallExoskeletonArmor</defName>
    <label>install exoskeleton armor</label>
    <description>Install an exoskeleton armor.</description>
    <workerClass>Recipe_InstallImplant</workerClass>
    <jobString>Installing body transplantion.</jobString>
    <workAmount>12000</workAmount>
    <deathOnFailedSurgeryChance>0.20</deathOnFailedSurgeryChance>
	<surgerySuccessChanceFactor>0.90</surgerySuccessChanceFactor>
	<recipeUsers>
		<li>Human</li>
	</recipeUsers>
    <skillRequirements>
      <Medicine>18</Medicine>
    </skillRequirements>
    <ingredients>
      <li>
        <filter>
          <categories>
            <li>Medicine</li>
          </categories>
        </filter>
        <count>4</count>
      </li>
      <li>
        <filter>
          <thingDefs>
            <li>ANN_Exoskeleton</li>
          </thingDefs>
        </filter>
        <count>1</count>
      </li>
    </ingredients>
    <fixedIngredientFilter>
      <categories>
        <li>Medicine</li>
      </categories>
      <thingDefs>
        <li>ANN_Exoskeleton</li>
      </thingDefs>
    </fixedIngredientFilter>
    <appliedOnFixedBodyParts>
      <li>Torso</li> <!-- Body -->
    </appliedOnFixedBodyParts>
    <addsHediff>Trunken_hediff_ExoskeletonArmor</addsHediff>
  </RecipeDef>

</Defs>