<?xml version="1.0" encoding="utf-8" ?>
<Defs>

<!-- ############## Energy Core ############## -->
  <ThingDef ParentName="BodyPartBionicBase">
    <defName>ANN_EnergyCore</defName>
    <label>energy core</label>
    <description>An advanced artificial heart. It has synthetic muscle fibers for a realistic heartbeat, plus a high-flow pump for rapid circulation during high stress. It is better than a biological heart in almost every way with its advanced super core, which is build by a mechanoid power cell.</description>
    <graphicData>
      <texPath>Things/Item/Health/HealthItemArchotech</texPath>
      <graphicClass>Graphic_Single</graphicClass>
      <drawSize>0.80</drawSize>
    </graphicData>
    <techLevel>Spacer</techLevel>
    <costList>
      <Plasteel>25</Plasteel>
      <Gold>50</Gold>
      <ComponentSpacer>7</ComponentSpacer>
    </costList>
    <recipeMaker>
      <researchPrerequisite>ShipComputerCore</researchPrerequisite>
      <skillRequirements>
        <Crafting>20</Crafting>
      </skillRequirements>
      <recipeUsers Inherit="False">
        <li>FabricationBench</li>
      </recipeUsers>
	  <unfinishedThingDef>UnfinishedComponent</unfinishedThingDef>
	</recipeMaker>
    <statBases>
      <MarketValue>2000</MarketValue>
      <Flammability>0.1</Flammability>
	  <DeteriorationRate>0.1</DeteriorationRate>
	  <Beauty>5</Beauty>
      <WorkToMake>45000</WorkToMake>
      <Mass>2</Mass>
    </statBases>
    <thingSetMakerTags>
      <li>RewardSpecial</li>
    </thingSetMakerTags>
    <techHediffsTags>
      <li>Advanced</li>
	</techHediffsTags>
    <thingCategories Inherit="False">
      <li>ANN_BodyPartsArtificial</li>
    </thingCategories>
  </ThingDef>

<!-- ############## Energy Link ############## -->
  <ThingDef ParentName="BodyPartBionicBase">
    <defName>ANN_EnergyLink</defName>
    <label>energy link</label>
    <description>An advanced artificial chainspine made of titanium. A biogel nerve bundle runs down an articulated plasteel core, surrounded by a lattice-dust healing system. It matches the performance of a biological spine and serves a high technological shield connector to enhance its protective powers.</description>
    <graphicData>
      <texPath>Things/Item/Health/HealthItemArchotech</texPath>
      <graphicClass>Graphic_Single</graphicClass>
      <drawSize>0.80</drawSize>
    </graphicData>
    <techLevel>Spacer</techLevel>
    <recipeMaker>
      <researchPrerequisite>ANN_NeuralNetwork</researchPrerequisite>
      <skillRequirements>
        <Crafting>18</Crafting>
      </skillRequirements>
      <recipeUsers Inherit="False">
        <li>FabricationBench</li>
      </recipeUsers>
	  <unfinishedThingDef>UnfinishedComponent</unfinishedThingDef>
	</recipeMaker>
    <costList>
      <Gold>25</Gold>
      <Plasteel>50</Plasteel>
      <ComponentSpacer>8</ComponentSpacer>
    </costList>
    <statBases>
      <MarketValue>1500</MarketValue>
      <Flammability>0.5</Flammability>
	  <DeteriorationRate>0.2</DeteriorationRate>
	  <Beauty>-1</Beauty>
      <WorkToMake>35000</WorkToMake>
      <Mass>2</Mass>
    </statBases>
    <techHediffsTags>
      <li>Advanced</li>
    </techHediffsTags>
    <thingCategories Inherit="False">
      <li>ANN_BodyPartsArtificial</li>
    </thingCategories>
  </ThingDef>

<!-- ############## Energy Fist ############## -->
  <ThingDef ParentName="BodyPartArtificialBase">
    <defName>ANN_EnergyFist</defName>
    <label>energy fist</label>
    <description>A combat-oriented hand replacement consisting of a technological hand and an implemented pumping system inside the wrist. It is furious in combat, and its mighty mini-servos can crush a skull like a natural hand crushes an egg. The mechanical trigger lets you have control about its sheer power with its poweful speed boosts bounded on neural connectors and energized by a vanometric micro-battery.</description>
    <graphicData>
      <texPath>Things/Item/Health/HealthItemArchotech</texPath>
      <graphicClass>Graphic_Single</graphicClass>
      <drawSize>0.80</drawSize>
    </graphicData>
    <techLevel>Spacer</techLevel>
    <costList>
      <Gold>25</Gold>
      <Plasteel>75</Plasteel>
      <ComponentSpacer>5</ComponentSpacer>
    </costList>
    <recipeMaker>
      <researchPrerequisite>ANN_NeuralNetwork</researchPrerequisite>
      <skillRequirements>
        <Crafting>16</Crafting>
      </skillRequirements>
      <recipeUsers Inherit="False">
        <li>FabricationBench</li>
      </recipeUsers>
	  <unfinishedThingDef>UnfinishedComponent</unfinishedThingDef>
	</recipeMaker>
    <statBases>
      <MarketValue>1000</MarketValue>
      <Flammability>0.5</Flammability>
	  <DeteriorationRate>0.3</DeteriorationRate>
	  <Beauty>1</Beauty>
      <WorkToMake>50000</WorkToMake>
      <Mass>3</Mass>
    </statBases>
    <thingSetMakerTags>
      <li>RewardSpecial</li>
    </thingSetMakerTags>
    <techHediffsTags>
      <li>AdvancedWeapon</li>
    </techHediffsTags>
    <thingCategories Inherit="False">
      <li>ANN_BodyPartsArtificial</li>
    </thingCategories>
  </ThingDef>

<!-- ############## Outer Blade ############## -->
  <ThingDef ParentName="BodyPartArtificialBase">
    <defName>ANN_OuterBlade</defName>
    <label>outer blade</label>
    <description>A combat-oriented forearm transformation consisting of a mechanical implementation with a telescopic blade behind the ulna. It is deadly in combat, and its titanium breakout weapon can pierce through nearly anything due to the hydraulic forces inside. The blade can be retracted and is easy to hide.</description>
    <graphicData>
      <texPath>Things/Item/Health/HealthItemArchotech</texPath>
      <graphicClass>Graphic_Single</graphicClass>
      <drawSize>0.80</drawSize>
    </graphicData>
    <techLevel>Spacer</techLevel>
    <costList>
      <Gold>25</Gold>
      <Plasteel>75</Plasteel>
      <ComponentSpacer>5</ComponentSpacer>
    </costList>
    <recipeMaker>
      <researchPrerequisite>ANN_NeuralNetwork</researchPrerequisite>
      <skillRequirements>
        <Crafting>18</Crafting>
      </skillRequirements>
      <recipeUsers Inherit="False">
        <li>FabricationBench</li>
      </recipeUsers>
	  <unfinishedThingDef>UnfinishedComponent</unfinishedThingDef>
	</recipeMaker>
    <statBases>
      <MarketValue>1200</MarketValue>
      <Flammability>0.6</Flammability>
	  <DeteriorationRate>0.8</DeteriorationRate>
	  <Beauty>-1</Beauty>
      <WorkToMake>50000</WorkToMake>
      <Mass>4</Mass>
    </statBases>
    <thingSetMakerTags>
      <li>RewardSpecial</li>
    </thingSetMakerTags>
    <techHediffsTags>
      <li>AdvancedWeapon</li>
    </techHediffsTags>
    <thingCategories Inherit="False">
      <li>ANN_BodyPartsArtificial</li>
    </thingCategories>
  </ThingDef>

<!-- ############## Power Arms ############### -->
  <ThingDef ParentName="BodyPartArtificialBase">
    <defName>ANN_PowerArms</defName>
    <label>power arms</label>
    <description>A combat-oriented shoulder replacement consisting of a mechanical hand and a servo-motoric weapons platform. This body enhancement increases the strength of its owner tremendously.</description>
    <graphicData>
      <texPath>Things/Item/Health/HealthItemBionic</texPath>
      <graphicClass>Graphic_Single</graphicClass>
      <drawSize>0.80</drawSize>
    </graphicData>
    <techLevel>Spacer</techLevel>
    <costList>
      <Gold>25</Gold>
      <Plasteel>100</Plasteel>
      <ComponentSpacer>6</ComponentSpacer>
    </costList>
    <recipeMaker>
      <researchPrerequisite>ANN_NeuralNetwork</researchPrerequisite>
      <skillRequirements>
        <Crafting>14</Crafting>
      </skillRequirements>
      <recipeUsers Inherit="False">
        <li>FabricationBench</li>
      </recipeUsers>
	  <unfinishedThingDef>UnfinishedComponent</unfinishedThingDef>
	</recipeMaker>
    <statBases>
      <WorkToMake>42000</WorkToMake>
      <MaxHitPoints>100</MaxHitPoints>
      <Flammability>0.5</Flammability>
	  <DeteriorationRate>0.5</DeteriorationRate>
      <MarketValue>1400</MarketValue>
      <Mass>5</Mass>
    </statBases>
    <techHediffsTags>
      <li>Advanced</li>
    </techHediffsTags>
    <thingCategories Inherit="False">
      <li>ANN_BodyPartsArtificial</li>
    </thingCategories>
</ThingDef>

<!-- ############## Berserker Chip ############## -->
  <ThingDef ParentName="ImplantBase">
    <defName>ANN_BerserkerChip</defName>
    <label>berserker chip</label>
    <description>A brain implant that gives the user a time slowing adrenaline rush. While dramatically improving the user's close combat abilities, it also supresses any pain receptors while active the same time. While it does allow the user to accomplish more, it turns out pain has a purpose. When you don't feel it, you can get hurt really bad really easily.</description>
    <graphicData>
      <texPath>Things/Item/Health/HealthItemBionic</texPath>
      <graphicClass>Graphic_Single</graphicClass>
      <drawSize>0.80</drawSize>
    </graphicData>
    <techLevel>Spacer</techLevel>
    <costList>
      <Gold>25</Gold>
	  <PsychoidLeaves>75</PsychoidLeaves>
      <ComponentSpacer>2</ComponentSpacer>
    </costList>
    <recipeMaker>
      <researchPrerequisite>ANN_NeuralNetwork</researchPrerequisite>
      <skillRequirements>
        <Crafting>12</Crafting>
      </skillRequirements>
      <recipeUsers Inherit="False">
        <li>FabricationBench</li>
      </recipeUsers>
	  <unfinishedThingDef>UnfinishedComponent</unfinishedThingDef>
	</recipeMaker>
    <statBases>
      <WorkToMake>24000</WorkToMake>
      <MaxHitPoints>75</MaxHitPoints>
      <Flammability>0.5</Flammability>
	  <DeteriorationRate>0.2</DeteriorationRate>
	  <Beauty>0</Beauty>
      <MarketValue>1500</MarketValue>
      <Mass>0.02</Mass>
    </statBases>
    <thingSetMakerTags>
      <li>RewardSpecial</li>
    </thingSetMakerTags>
    <techHediffsTags>
      <li>Advanced</li>
    </techHediffsTags>
    <thingCategories Inherit="False">
      <li>ANN_BodyPartsArtificial</li>
    </thingCategories>
  </ThingDef>

<!-- ############## Mindtwist ############## -->
  <ThingDef ParentName="ImplantBase">
    <defName>ANN_Mindtwist</defName>
    <label>Mindtwist</label>
    <description>A mindtwist device takes away any remorses away of the patient. It interacts directly with the users brain and closes bridges between unnecessary brain areas. It was developed on a secret military base asteroid by a mad scientist named K.</description>
    <graphicData>
      <texPath>Things/Item/Health/HealthItemBionic</texPath>
      <graphicClass>Graphic_Single</graphicClass>
      <drawSize>0.80</drawSize>
    </graphicData>
    <techLevel>Spacer</techLevel>
    <costList>
      <Plasteel>25</Plasteel>
      <Neutroamine>50</Neutroamine>
      <ComponentSpacer>1</ComponentSpacer>
    </costList>
    <recipeMaker>
      <researchPrerequisite>ANN_NeuralNetwork</researchPrerequisite>
      <skillRequirements>
        <Crafting>13</Crafting>
      </skillRequirements>
      <recipeUsers Inherit="False">
        <li>FabricationBench</li>
      </recipeUsers>
	  <unfinishedThingDef>UnfinishedComponent</unfinishedThingDef>
	</recipeMaker>
    <statBases>
      <WorkToMake>17000</WorkToMake>
      <Flammability>0.5</Flammability>
	  <DeteriorationRate>0.4</DeteriorationRate>
	  <Beauty>0</Beauty>
      <MarketValue>600</MarketValue>
      <Mass>0.05</Mass>
    </statBases>
    <thingSetMakerTags>
      <li>RewardSpecial</li>
    </thingSetMakerTags>
    <techHediffsTags>
      <li>Advanced</li>
    </techHediffsTags>
    <thingCategories Inherit="False">
      <li>ANN_BodyPartsArtificial</li>
    </thingCategories>
  </ThingDef>

<!-- ############## Autonomic Antibodies ############## -->
  <ThingDef ParentName="ImplantBase">
    <defName>ANN_Autonomicviruskiller</defName>
    <label>autonomic viruskiller</label>
    <description>Enhances the immune system with mechanite anitbodies by searching and destroying any danger in the blood circulation. Used by special combat medics in dangerous environments.</description>
    <graphicData>
      <texPath>Things/Item/Health/HealthItemArchotech</texPath>
      <graphicClass>Graphic_Single</graphicClass>
      <drawSize>0.80</drawSize>
    </graphicData>
    <techLevel>Ultra</techLevel>
    <costList>
      <Uranium>25</Uranium>
      <Plasteel>75</Plasteel>
      <ComponentSpacer>3</ComponentSpacer>
    </costList>
    <recipeMaker>
      <researchPrerequisite>ANN_NeuralNetwork</researchPrerequisite>
      <skillRequirements>
        <Crafting>19</Crafting>
      </skillRequirements>
      <recipeUsers Inherit="False">
        <li>FabricationBench</li>
      </recipeUsers>
	  <unfinishedThingDef>UnfinishedComponent</unfinishedThingDef>
	</recipeMaker>
    <statBases>
      <WorkToMake>45000</WorkToMake>
      <Flammability>0.1</Flammability>
	  <DeteriorationRate>0.5</DeteriorationRate>
	  <Beauty>0</Beauty>
      <MarketValue>1600</MarketValue>
      <Mass>0.01</Mass>
    </statBases>
    <techHediffsTags>
      <li>Advanced</li>
    </techHediffsTags>
    <thingCategories Inherit="False">
      <li>ANN_BodyPartsArtificial</li>
    </thingCategories>
  </ThingDef>

<!-- ############## Virtual Identity Muse ############## -->
  <ThingDef ParentName="ImplantBase">
    <defName>ANN_MuseChip</defName>
    <label>muse chip</label>
    <description>A brain implant that carries a virtual identify 'EVE', which companions the life form on his paths. It has control over a huge database, while going through all relevant informations by filters, enlisting the best possible option.\n\nMade to measure the unique individual. The multi-persona chip adapts automatically.</description>
    <graphicData>
      <texPath>Things/Item/Health/HealthItemArchotech</texPath>
      <graphicClass>Graphic_Single</graphicClass>
      <drawSize>0.80</drawSize>
    </graphicData>
    <techLevel>Spacer</techLevel>
    <costList>
      <Gold>25</Gold>
      <Plasteel>50</Plasteel>
      <ComponentSpacer>4</ComponentSpacer>
    </costList>
    <recipeMaker>
      <researchPrerequisite>ANN_NeuralNetwork</researchPrerequisite>
      <skillRequirements>
        <Crafting>18</Crafting>
      </skillRequirements>
      <recipeUsers Inherit="False">
        <li>FabricationBench</li>
      </recipeUsers>
	  <unfinishedThingDef>UnfinishedComponent</unfinishedThingDef>
	</recipeMaker>
    <statBases>
      <WorkToMake>38000</WorkToMake>
      <Flammability>0.5</Flammability>
	  <DeteriorationRate>0.1</DeteriorationRate>
	  <Beauty>2</Beauty>
      <MarketValue>1400</MarketValue>
      <Mass>0.02</Mass>
    </statBases>
    <techHediffsTags>
      <li>Advanced</li>
    </techHediffsTags>
    <thingCategories Inherit="False">
      <li>ANN_BodyPartsArtificial</li>
    </thingCategories>
  </ThingDef>

<!-- ############## Neuro Enhancer ############## -->
  <ThingDef ParentName="ImplantBase">
    <defName>ANN_NeuroEnhancer</defName>
    <label>neuro enhancer</label>
    <description>A brain implant that acts a direct access platform to the interstellar framework. It always connects, when a network is found and feeds the user with informations for any given situation. You can watch TV in your brain and play through any possibility with enough time. Create art in your mind or work on static blueprints in the white room, contructed just by your imagination.</description>
    <graphicData>
      <texPath>Things/Item/Health/HealthItemArchotech</texPath>
      <graphicClass>Graphic_Single</graphicClass>
      <drawSize>0.80</drawSize>
    </graphicData>
    <techLevel>Spacer</techLevel>
    <costList>
	  <Silver>150</Silver>
      <Plasteel>50</Plasteel>
      <ComponentSpacer>3</ComponentSpacer>
    </costList>
    <recipeMaker>
      <researchPrerequisite>ANN_NeuralNetwork</researchPrerequisite>
      <skillRequirements>
        <Crafting>17</Crafting>
      </skillRequirements>
      <recipeUsers Inherit="False">
        <li>FabricationBench</li>
      </recipeUsers>
	  <unfinishedThingDef>UnfinishedComponent</unfinishedThingDef>
	</recipeMaker>
    <statBases>
      <WorkToMake>40000</WorkToMake>
      <Flammability>0.5</Flammability>
	  <DeteriorationRate>0.1</DeteriorationRate>
	  <Beauty>0</Beauty>
      <MarketValue>1700</MarketValue>
      <Mass>0.02</Mass>
    </statBases>
    <techHediffsTags>
      <li>Advanced</li>
    </techHediffsTags>
    <thingCategories Inherit="False">
      <li>ANN_BodyPartsArtificial</li>
    </thingCategories>
  </ThingDef>

<!-- ############## Flash Light ############## -->
  <ThingDef ParentName="BodyPartBionicBase">
    <defName>ANN_FlashLight</defName>
    <label>flash light</label>
    <description>A flash light to enlighten the dark, mounted on the earside.</description>
    <graphicData>
      <texPath>Things/Item/Health/HealthItemBionic</texPath>
      <graphicClass>Graphic_Single</graphicClass>
      <drawSize>0.80</drawSize>
    </graphicData>
    <techLevel>Spacer</techLevel>
    <costList>
	  <Silver>150</Silver>
      <Plasteel>25</Plasteel>
      <ComponentIndustrial>1</ComponentIndustrial>
    </costList>
    <recipeMaker>
      <researchPrerequisite>Bionics</researchPrerequisite>
      <skillRequirements>
        <Crafting>11</Crafting>
      </skillRequirements>
      <recipeUsers Inherit="False">
        <li>FabricationBench</li>
      </recipeUsers>
	  <unfinishedThingDef>UnfinishedComponent</unfinishedThingDef>
	</recipeMaker>
    <statBases>
      <WorkToMake>21000</WorkToMake>
      <Flammability>0.8</Flammability>
	  <DeteriorationRate>1.0</DeteriorationRate>
	  <Beauty>-2</Beauty>
      <MarketValue>500</MarketValue>
      <Mass>0.5</Mass>
    </statBases>
    <techHediffsTags>
      <li>Advanced</li>
    </techHediffsTags>
    <thingCategories Inherit="False">
      <li>ANN_BodyPartsArtificial</li>
    </thingCategories>
  </ThingDef>

<!-- ############## Laser Detection ############## -->
  <ThingDef ParentName="BodyPartBionicBase">
    <defName>ANN_LaserDetection</defName>
    <label>laser detection</label>
    <description>A laser detection device, mounted on the earside. The laser scans the environment and displays all important data on an extendable eye patch display. Improves the sight substantial, while increasing the target acquisition next to it, with its elegant auto marker.</description>
    <techLevel>Spacer</techLevel>
    <costList>
	  <Silver>150</Silver>
      <Plasteel>50</Plasteel>
      <ComponentSpacer>1</ComponentSpacer>
    </costList>
    <recipeMaker>
      <researchPrerequisite>ANN_NeuralNetwork</researchPrerequisite>
      <skillRequirements>
        <Crafting>15</Crafting>
      </skillRequirements>
      <recipeUsers Inherit="False">
        <li>FabricationBench</li>
      </recipeUsers>
	  <unfinishedThingDef>UnfinishedComponent</unfinishedThingDef>
	</recipeMaker>
    <statBases>
      <WorkToMake>21000</WorkToMake>
      <Flammability>0.5</Flammability>
	  <DeteriorationRate>0.9</DeteriorationRate>
	  <Beauty>-1</Beauty>
      <MarketValue>700</MarketValue>
      <Mass>0.09</Mass>
    </statBases>
    <techHediffsTags>
      <li>Advanced</li>
    </techHediffsTags>
    <thingCategories Inherit="False">
      <li>ANN_BodyPartsArtificial</li>
    </thingCategories>
  </ThingDef>

<!-- ############## Sensoric Earside  ############## -->
  <ThingDef ParentName="BodyPartBionicBase">
    <defName>ANN_SensoricEarside</defName>
    <label>sensoric earside</label>
    <description>A sensoric hearing device and connective target acquisition system, mounted on the earside. This makes your hear a needle dropping on distance.</description>
    <techLevel>Spacer</techLevel>
    <costList>
	  <Silver>150</Silver>
      <Plasteel>75</Plasteel>
      <ComponentSpacer>1</ComponentSpacer>
    </costList>
    <statBases>
      <WorkToMake>21000</WorkToMake>
      <Flammability>0.5</Flammability>
	  <DeteriorationRate>0.5</DeteriorationRate>
	  <Beauty>-3</Beauty>
      <MarketValue>800</MarketValue>
      <Mass>0.18</Mass>
    </statBases>
    <recipeMaker>
      <researchPrerequisite>ANN_NeuralNetwork</researchPrerequisite>
      <skillRequirements>
        <Crafting>16</Crafting>
      </skillRequirements>
      <recipeUsers Inherit="False">
        <li>FabricationBench</li>
      </recipeUsers>
	  <unfinishedThingDef>UnfinishedComponent</unfinishedThingDef>
	</recipeMaker>
    <techHediffsTags>
      <li>Advanced</li>
    </techHediffsTags>
    <thingCategories Inherit="False">
      <li>ANN_BodyPartsArtificial</li>
    </thingCategories>
  </ThingDef>

<!-- ############## Combat AI ############## -->
  <ThingDef ParentName="ImplantBase">
    <defName>ANN_CombatAI</defName>
    <label>combat AI</label>
    <description>A brain implant which takes slight control over the user evasion and precision during combat. This original design was made during a galactic war project by a certain humanoid faction to create the ultimative super soldier. They were defeated and eradicated, but some of their inventions are kept until now.</description>
    <graphicData>
      <texPath>Things/Item/Health/HealthItemArchotech</texPath>
      <graphicClass>Graphic_Single</graphicClass>
      <drawSize>0.80</drawSize>
    </graphicData>
    <techLevel>Spacer</techLevel>
    <costList>
	  <AIPersonaCore>1</AIPersonaCore>
      <Plasteel>25</Plasteel>
      <ComponentSpacer>2</ComponentSpacer>
    </costList>
    <statBases>
      <MaxHitPoints>75</MaxHitPoints>
      <Flammability>0.4</Flammability>
	  <DeteriorationRate>0.1</DeteriorationRate>
	  <Beauty>0</Beauty>
      <WorkToMake>75000</WorkToMake>
      <MarketValue>1700</MarketValue>
      <Mass>0.05</Mass>
	</statBases>
    <recipeMaker>
      <researchPrerequisite>ANN_NeuralNetwork</researchPrerequisite>
      <skillRequirements>
        <Crafting>17</Crafting>
      </skillRequirements>
      <recipeUsers Inherit="False">
        <li>FabricationBench</li>
      </recipeUsers>
	  <unfinishedThingDef>UnfinishedComponent</unfinishedThingDef>
	</recipeMaker>
    <thingSetMakerTags>
      <li>RewardSpecial</li>
    </thingSetMakerTags>
    <techHediffsTags>
      <li>Advanced</li>
    </techHediffsTags>
    <thingCategories Inherit="False">
      <li>ANN_BodyPartsArtificial</li>
    </thingCategories>
  </ThingDef>

<!-- ############## Cyclops Visor ############## -->
  <ThingDef ParentName="ImplantBase">
    <defName>ANN_CyclopsVisor</defName>
    <label>cyclops visor</label>
    <description>A hybrid bionic eye and target acquisition system with full adjustment filters and data scan. It can be linked to the memory by connecting to the central nerve system. Enhances the sight and sharpness.</description>
    <graphicData>
      <texPath>Things/Item/Health/HealthItemBionic</texPath>
      <graphicClass>Graphic_Single</graphicClass>
      <drawSize>0.80</drawSize>
    </graphicData>
    <techLevel>Spacer</techLevel>
    <costList>
	  <Silver>250</Silver>
      <Plasteel>75</Plasteel>
      <ComponentSpacer>2</ComponentSpacer>
    </costList>
    <statBases>
      <MaxHitPoints>75</MaxHitPoints>
      <Flammability>0.2</Flammability>
	  <DeteriorationRate>0.3</DeteriorationRate>
	  <Beauty>-1</Beauty>
      <WorkToMake>42500</WorkToMake>
      <MarketValue>1400</MarketValue>
      <Mass>0.5</Mass>
	</statBases>
    <recipeMaker>
      <researchPrerequisite>ANN_NeuralNetwork</researchPrerequisite>
      <skillRequirements>
        <Crafting>14</Crafting>
      </skillRequirements>
      <recipeUsers Inherit="False">
        <li>FabricationBench</li>
      </recipeUsers>
	  <unfinishedThingDef>UnfinishedComponent</unfinishedThingDef>
	</recipeMaker>
    <techHediffsTags>
      <li>Advanced</li>
    </techHediffsTags>
    <thingCategories Inherit="False">
      <li>ANN_BodyPartsArtificial</li>
    </thingCategories>
  </ThingDef>

<!-- ############## Shadowrunner ############## -->
  <ThingDef ParentName="BodyPartBionicBase">
    <defName>ANN_Shadowrunner</defName>
    <label>shadowrunner</label>
    <description>A mechanical lung replacement and enhancer which filters any toxicity and pollutants out of the air. It can slightly adapt to not terraformed planets too.\n\nThis particular type was originally made by some crazy street docs. The blueprint fall in the hands of some urb companies though shortly after, which started to develop it further and began to mass produce them for dangerous tasks and missions in enviromental biohazards.</description>
    <graphicData>
      <texPath>Things/Item/Health/HealthItemBionic</texPath>
      <graphicClass>Graphic_Single</graphicClass>
      <drawSize>0.80</drawSize>
    </graphicData>
    <techLevel>Spacer</techLevel>
    <costList>
	  <Silver>250</Silver>
      <Plasteel>75</Plasteel>
      <ComponentSpacer>2</ComponentSpacer>
    </costList>
    <statBases>
      <MaxHitPoints>75</MaxHitPoints>
      <Flammability>0.5</Flammability>
	  <DeteriorationRate>1.0</DeteriorationRate>
	  <Beauty>-1</Beauty>
      <WorkToMake>50000</WorkToMake>
      <MarketValue>1200</MarketValue>
      <Mass>0.4</Mass>
	</statBases>
    <recipeMaker>
      <researchPrerequisite>ANN_NeuralNetwork</researchPrerequisite>
      <skillRequirements>
        <Crafting>12</Crafting>
      </skillRequirements>
      <recipeUsers Inherit="False">
        <li>FabricationBench</li>
      </recipeUsers>
	  <unfinishedThingDef>UnfinishedComponent</unfinishedThingDef>
	</recipeMaker>
    <techHediffsTags>
      <li>Advanced</li>
    </techHediffsTags>
    <thingCategories Inherit="False">
      <li>ANN_BodyPartsArtificial</li>
    </thingCategories>
  </ThingDef>

<!-- ############## Musclewire ############## -->
  <ThingDef ParentName="ImplantBase">
    <defName>ANN_Musclewire</defName>
    <label>musclewire</label>
    <description>A complete fusion with channel wiring of all muscles in the body, enhancing movement speed and agility drastically.</description>
    <graphicData>
      <texPath>Things/Item/Health/HealthItemBionic</texPath>
      <graphicClass>Graphic_Single</graphicClass>
      <drawSize>0.80</drawSize>
    </graphicData>
    <techLevel>Spacer</techLevel>
    <costList>
	  <Silver>250</Silver>
      <Plasteel>75</Plasteel>
      <ComponentSpacer>2</ComponentSpacer>
    </costList>
    <statBases>
      <MaxHitPoints>75</MaxHitPoints>
      <Flammability>0.5</Flammability>
	  <DeteriorationRate>1.0</DeteriorationRate>
	  <Beauty>-1</Beauty>
      <WorkToMake>30000</WorkToMake>
      <MarketValue>1300</MarketValue>
      <Mass>1.5</Mass>
	</statBases>
    <recipeMaker>
      <researchPrerequisite>ANN_NeuralNetwork</researchPrerequisite>
      <skillRequirements>
        <Crafting>13</Crafting>
      </skillRequirements>
      <recipeUsers Inherit="False">
        <li>FabricationBench</li>
      </recipeUsers>
	  <unfinishedThingDef>UnfinishedComponent</unfinishedThingDef>
	</recipeMaker>
    <thingSetMakerTags>
      <li>RewardSpecial</li>
    </thingSetMakerTags>
    <techHediffsTags>
      <li>Advanced</li>
    </techHediffsTags>
    <thingCategories Inherit="False">
      <li>ANN_BodyPartsArtificial</li>
    </thingCategories>
  </ThingDef>

<!-- ############## Dermalplating ############## -->
  <ThingDef ParentName="ImplantBase">
    <defName>ANN_Dermalplating</defName>
    <label>dermalplating</label>
    <description>A full body skin transplantation. Very dangerous for the patient. Only the bravest and toughest human beings undergo this surgery. An endurant health system and a talented doctor are required the least to survive this cruel operation. The results are worth it though, overall protection and resilience are improved drastically.\n\nDermalplatings become one with the body and skin. It's hard to remove them again, contretemps may happen during the long process. It will take a long time to recover from this.</description>
    <graphicData>
      <texPath>Things/Item/Health/HealthItemBionic</texPath>
      <graphicClass>Graphic_Single</graphicClass>
      <drawSize>0.80</drawSize>
    </graphicData>
    <techLevel>Spacer</techLevel>
    <costList>
	  <Silver>250</Silver>
      <Plasteel>50</Plasteel>
      <Uranium>75</Uranium>
    </costList>
    <statBases>
      <MaxHitPoints>150</MaxHitPoints>
      <Flammability>0.3</Flammability>
	  <DeteriorationRate>0.3</DeteriorationRate>
	  <Beauty>-1</Beauty>
      <WorkToMake>60000</WorkToMake>
      <MarketValue>1500</MarketValue>
      <Mass>3.5</Mass>
	</statBases>
    <recipeMaker>
      <researchPrerequisite>ANN_NeuralNetwork</researchPrerequisite>
      <skillRequirements>
        <Crafting>14</Crafting>
      </skillRequirements>
      <recipeUsers Inherit="False">
        <li>FabricationBench</li>
      </recipeUsers>
	  <unfinishedThingDef>UnfinishedComponent</unfinishedThingDef>
	</recipeMaker>
    <thingSetMakerTags>
      <li>RewardSpecial</li>
    </thingSetMakerTags>
    <techHediffsTags>
      <li>Advanced</li>
    </techHediffsTags>
    <thingCategories Inherit="False">
      <li>ANN_BodyPartsArtificial</li>
    </thingCategories>
  </ThingDef>

<!-- ############## Exoskeleton Armor ############## -->
  <ThingDef ParentName="ImplantBase">
    <defName>ANN_Exoskeleton</defName>
    <label>exoskeleton armor</label>
    <description>A full body exoskeleton armor transplantation. Very, very dangerous for the patient. Only the bravest and toughest man undergo this surgery. An endurant health system and a crazy doctor are required the least to survive this cruel operation. The results are worth it though, overall protection and resilience are improved immensely.\n\nExoskeleton armors do fusion directly with body and bones. They are very hard to remove again and have their price to pay.</description>
    <graphicData>
      <texPath>Things/Item/Health/HealthItemBionic</texPath>
      <graphicClass>Graphic_Single</graphicClass>
      <drawSize>0.80</drawSize>
    </graphicData>
    <techLevel>Ultra</techLevel>
    <costList>
	  <Gold>25</Gold>
      <Plasteel>75</Plasteel>
      <Uranium>75</Uranium>
    </costList>
    <statBases>
      <MaxHitPoints>200</MaxHitPoints>
      <Flammability>0.2</Flammability>
	  <DeteriorationRate>0.2</DeteriorationRate>
	  <Beauty>-1</Beauty>
      <WorkToMake>80000</WorkToMake>
      <MarketValue>1800</MarketValue>
      <Mass>4.9</Mass>
	</statBases>
    <recipeMaker>
      <researchPrerequisite>ANN_NeuralNetwork</researchPrerequisite>
      <skillRequirements>
        <Crafting>18</Crafting>
      </skillRequirements>
      <recipeUsers Inherit="False">
        <li>FabricationBench</li>
      </recipeUsers>
	  <unfinishedThingDef>UnfinishedComponent</unfinishedThingDef>
	</recipeMaker>
    <thingSetMakerTags>
      <li>RewardSpecial</li>
    </thingSetMakerTags>
    <techHediffsTags>
      <li>Advanced</li>
    </techHediffsTags>
    <thingCategories Inherit="False">
      <li>ANN_BodyPartsArtificial</li>
    </thingCategories>
  </ThingDef>

<!-- ############## Lionheart ############## -->
  <ThingDef ParentName="BodyPartBionicBase">
    <defName>ANN_Lionheart</defName>
    <label>lionheart</label>
    <description>An advanced artificial heart with adrenaline injector and adaptive combat system for slowmotion effects. Created by some tech shamans on Urbworlds, its case must be made by the weapons of the precursors and carries the ancient spirit of its owners.\n\nThis specific blueprint was blessed by a titan named Atlas.</description>
    <graphicData>
      <texPath>Things/Item/Health/HealthItemBionic</texPath>
      <graphicClass>Graphic_Single</graphicClass>
      <drawSize>0.80</drawSize>
    </graphicData>
    <techLevel>Spacer</techLevel>
    <costList>
      <MeleeWeapon_LongSword>1</MeleeWeapon_LongSword>
      <Gold>50</Gold>
      <ComponentSpacer>5</ComponentSpacer>
    </costList>
    <recipeMaker>
      <researchPrerequisite>Bionics</researchPrerequisite>
      <skillRequirements>
        <Crafting>15</Crafting>
      </skillRequirements>
      <recipeUsers Inherit="False">
        <li>FabricationBench</li>
      </recipeUsers>
	  <unfinishedThingDef>UnfinishedComponent</unfinishedThingDef>
	</recipeMaker>
    <statBases>
      <MarketValue>1500</MarketValue>
      <Flammability>0.1</Flammability>
	  <DeteriorationRate>0.1</DeteriorationRate>
	  <Beauty>5</Beauty>
      <WorkToMake>40000</WorkToMake>
      <Mass>2</Mass>
    </statBases>
    <thingSetMakerTags>
      <li>RewardSpecial</li>
    </thingSetMakerTags>
    <techHediffsTags>
      <li>Advanced</li>
	</techHediffsTags>
    <thingCategories Inherit="False">
      <li>ANN_BodyPartsArtificial</li>
    </thingCategories>
  </ThingDef>

<!-- ############## Aurum ############## -->
  <ThingDef ParentName="BodyPartBionicBase">
    <defName>ANN_Aurum</defName>
    <label>Aurum</label>
    <description>A modified eye and tresor unit, that reflects a mirrored screen on the iris. The spy agent analyzes current trading partners, tracks dialogues, enlists stocks, compares market prices and manages credits analog. This model served as a way to transfer money discreetly between merchant guilds. Owners can bypass the black market firewall with unlimited restrictions. Counts as forbidden commodity.</description>
    <graphicData>
      <texPath>Things/Item/Health/HealthItemBionic</texPath>
      <graphicClass>Graphic_Single</graphicClass>
      <drawSize>0.80</drawSize>
    </graphicData>
    <techLevel>Spacer</techLevel>
    <recipeMaker>
      <researchPrerequisite>ANN_CyberneticOrganism</researchPrerequisite>
      <skillRequirements>
        <Crafting>16</Crafting>
      </skillRequirements>
      <recipeUsers Inherit="False">
        <li>FabricationBench</li>
      </recipeUsers>
	  <unfinishedThingDef>UnfinishedComponent</unfinishedThingDef>
	</recipeMaker>
    <costList>
      <ThrumboHorn>1</ThrumboHorn>
      <Gold>75</Gold>
      <ComponentSpacer>2</ComponentSpacer>
    </costList>
    <statBases>
      <MarketValue>1400</MarketValue>
      <Flammability>0.6</Flammability>
	  <DeteriorationRate>0.2</DeteriorationRate>
	  <Beauty>-5</Beauty>
      <WorkToMake>32500</WorkToMake>
      <Mass>1</Mass>
    </statBases>
    <techHediffsTags>
      <li>Advanced</li>
    </techHediffsTags>
    <thingCategories Inherit="False">
      <li>ANN_BodyPartsArtificial</li>
    </thingCategories>
  </ThingDef>

<!-- ############## Aurean Cornea ############## -->
  <ThingDef ParentName="ImplantBase">
    <defName>ANN_AureanCornea</defName>
    <label>aurean cornea</label>
    <description>A mounted contact lens in glimmering gold colors with sun shield and dimmer. People lose theirselve in eyes like these. Stunning and breathetaking although its simplicity. Needs ivory or a replicant.</description>
    <graphicData>
      <texPath>Things/Item/Health/HealthItemBionic</texPath>
      <graphicClass>Graphic_Single</graphicClass>
      <drawSize>0.80</drawSize>
    </graphicData>
    <techLevel>Spacer</techLevel>
    <recipeMaker>
      <researchPrerequisite>ANN_CyberneticOrganism</researchPrerequisite>
      <skillRequirements>
        <Crafting>14</Crafting>
      </skillRequirements>
      <recipeUsers Inherit="False">
        <li>FabricationBench</li>
      </recipeUsers>
	  <unfinishedThingDef>UnfinishedComponent</unfinishedThingDef>
	</recipeMaker>
    <costList>
      <ElephantTusk>1</ElephantTusk>
      <Gold>75</Gold>
      <ComponentSpacer>2</ComponentSpacer>
    </costList>
    <statBases>
      <MarketValue>1100</MarketValue>
      <Flammability>0.6</Flammability>
	  <DeteriorationRate>0.2</DeteriorationRate>
	  <Beauty>-5</Beauty>
      <WorkToMake>37500</WorkToMake>
      <Mass>1</Mass>
    </statBases>
    <techHediffsTags>
      <li>Advanced</li>
    </techHediffsTags>
    <thingCategories Inherit="False">
      <li>ANN_BodyPartsArtificial</li>
    </thingCategories>
  </ThingDef>

<!-- ############## Synchronizer ############## -->
  <ThingDef ParentName="ImplantBase">
    <defName>ANN_Synchronizer</defName>
    <label>synchronizer</label>
	<description>A tactical military coordination computer with a digital screen implanted right in the wrist. Made for approaching into enemy territory during Xeno One. Works like an interactive hub and makes field operations between assault troops easier. It has a unique console, letting you either write messages or communicate by voice with others through a special identifier, filter and encrypter. The input can be translated in over one thousand languages and modulated in nanoseconds.\n\nSomething is wrong with this version though. It makes your voice sound like an alien. Its blueprint originates from a Space Marine Clan known for no mercy.</description>
    <graphicData>
      <texPath>Things/Item/Health/HealthItemBionic</texPath>
      <graphicClass>Graphic_Single</graphicClass>
      <drawSize>0.80</drawSize>
    </graphicData>
    <techLevel>Ultra</techLevel>
    <costList>
	  <Silver>250</Silver>
      <Plasteel>75</Plasteel>
      <ComponentSpacer>5</ComponentSpacer>
    </costList>
    <statBases>
      <MaxHitPoints>100</MaxHitPoints>
      <Flammability>0.7</Flammability>
	  <DeteriorationRate>0.2</DeteriorationRate>
	  <Beauty>-1</Beauty>
      <WorkToMake>47500</WorkToMake>
      <MarketValue>1800</MarketValue>
      <Mass>0.25</Mass>
	</statBases>
    <recipeMaker>
      <researchPrerequisite>ANN_CyberneticOrganism</researchPrerequisite>
      <skillRequirements>
        <Crafting>17</Crafting>
      </skillRequirements>
      <recipeUsers Inherit="False">
        <li>FabricationBench</li>
      </recipeUsers>
	  <unfinishedThingDef>UnfinishedComponent</unfinishedThingDef>
	</recipeMaker>
    <thingSetMakerTags>
      <li>RewardSpecial</li>
    </thingSetMakerTags>
    <techHediffsTags>
      <li>Advanced</li>
    </techHediffsTags>
    <thingCategories Inherit="False">
      <li>ANN_BodyPartsArtificial</li>
    </thingCategories>
  </ThingDef>

<!-- ############## Elastic Achilles ############## -->
  <ThingDef ParentName="ImplantBase">
    <defName>ANN_ElasticAchilles</defName>
    <label>elastic achilles</label>
    <description>This bionic leg module can hold a man on his feet, even without any flesh on his bones. Its designed to annul the last human weakness in close combat, the achilles, by replacing it with a more elastic and less sensitive version. Favored by heavy ground units. First versions of these where made by Scorchers to withstand their own firestorm. It comes with all parts for a complete reconstruction.</description>
    <graphicData>
      <texPath>Things/Item/Health/HealthItemBionic</texPath>
      <graphicClass>Graphic_Single</graphicClass>
      <drawSize>0.80</drawSize>
    </graphicData>
    <techLevel>Spacer</techLevel>
    <costList>
      <Synthread>75</Synthread>
	  <Hyperweave>50</Hyperweave>
      <Steel>25</Steel>
    </costList>
    <statBases>
      <MaxHitPoints>75</MaxHitPoints>
      <Flammability>0.5</Flammability>
	  <DeteriorationRate>1.0</DeteriorationRate>
	  <Beauty>-1</Beauty>
      <WorkToMake>30000</WorkToMake>
      <MarketValue>1300</MarketValue>
      <Mass>0.5</Mass>
	</statBases>
    <recipeMaker>
      <researchPrerequisite>ANN_CyberneticOrganism</researchPrerequisite>
      <skillRequirements>
        <Crafting>12</Crafting>
      </skillRequirements>
      <recipeUsers Inherit="False">
        <li>FabricationBench</li>
      </recipeUsers>
	  <unfinishedThingDef>UnfinishedComponent</unfinishedThingDef>
	</recipeMaker>
    <techHediffsTags>
      <li>Advanced</li>
    </techHediffsTags>
    <thingCategories Inherit="False">
      <li>ANN_BodyPartsArtificial</li>
    </thingCategories>
  </ThingDef>

</Defs>