<?xml version="1.0" encoding="utf-8" ?>
<Defs>
    <!-- ################## Do not remove this ######################## -->
    <ThingDef ParentName="BuildingBase">
        <defName>ANN_Useless</defName>
        <label>useless</label>
        <description>Don't mind me, i'm useless for you</description>
        <graphicData>
            <texPath>Things/Flashlight</texPath>
            <graphicClass>Graphic_Random</graphicClass>
        </graphicData>
        <selectable>false</selectable>
        <building>
            <isInert>true</isInert>
            <isEdifice>false</isEdifice>
            <deconstructible>false</deconstructible>
        </building>
        <comps>
            <li Class="CompProperties_Glower">
                <glowRadius>6</glowRadius>
                <glowColor>(255,255,255,0)</glowColor>
            </li>
        </comps>
    </ThingDef>

    <ThingDef ParentName="BuildingBase">
        <defName>ANN_UselessR</defName>
        <label>useless</label>
        <description>Don't mind me, i'm useless for you</description>
        <graphicData>
            <texPath>Things/Flashlight</texPath>
            <graphicClass>Graphic_Random</graphicClass>
        </graphicData>
        <selectable>false</selectable>
        <building>
            <isInert>true</isInert>
            <isEdifice>false</isEdifice>
            <deconstructible>false</deconstructible>
        </building>
        <comps>
            <li Class="CompProperties_Glower">
                <glowRadius>2</glowRadius>
                <glowColor>(255,0,0,0)</glowColor>
            </li>
        </comps>
    </ThingDef>

    <ThingDef ParentName="BuildingBase">
        <defName>ANN_UselessG</defName>
        <label>useless</label>
        <description>Don't mind me, i'm useless for you</description>
        <graphicData>
            <texPath>Things/Flashlight</texPath>
            <graphicClass>Graphic_Random</graphicClass>
        </graphicData>
        <selectable>false</selectable>
        <building>
            <isInert>true</isInert>
            <isEdifice>false</isEdifice>
            <deconstructible>false</deconstructible>
        </building>
        <comps>
            <li Class="CompProperties_Glower">
                <glowRadius>1</glowRadius>
                <glowColor>(0,255,156,0)</glowColor>
            </li>
        </comps>
    </ThingDef>
</Defs>