<?xml version="1.0" encoding="utf-8" ?>
<Defs>

  <!-- Neuromod Stat Booster -->
  <ThingDef ParentName="MechSerumBase">
    <defName>ANN_NeuromodBooster</defName>
    <label>neuromod booster</label>
    <description>A Neuronal Modifier is a small device penetrating your eye in order to remap your existing brain structure. Through your eyes.\n\nBeware, Robotic Fusion: Nanobots will become one with patient. Can have side-effects like Paraplexis or White Noise, which can end up in confusion, disorientation and even paralyzation.</description>
    <graphicData>
      <texPath>Things/Item/Special/Neuromod</texPath>
      <graphicClass>Graphic_Single</graphicClass>
    </graphicData>
    <techLevel>Ultra</techLevel>
    <stackLimit>1</stackLimit>
    <tradeNeverStack>true</tradeNeverStack>
    <costList>
      <Gold>25</Gold>
      <Plasteel>50</Plasteel>
      <ComponentSpacer>1</ComponentSpacer>
    </costList>
    <recipeMaker>
      <researchPrerequisite>ANN_NeuralNetwork</researchPrerequisite>
      <skillRequirements>
        <Medicine>18</Medicine>
      </skillRequirements>
      <recipeUsers Inherit="False">
        <li>FabricationBench</li>
      </recipeUsers>
      <unfinishedThingDef>UnfinishedComponent</unfinishedThingDef>
    </recipeMaker>
    <statBases>
      <MaxHitPoints>80</MaxHitPoints>
      <Mass>0.2</Mass>
      <DeteriorationRate>1.0</DeteriorationRate>
      <Flammability>0.2</Flammability>
      <MarketValue>1100</MarketValue>
      <WorkToMake>100000</WorkToMake>
    </statBases>
    <drawGUIOverlay>false</drawGUIOverlay>
    <comps>
      <li Class="CompProperties_Usable">
        <compClass>TK_Neuromod_Booster.TKNeurotrainer</compClass>
        <useJob>UseNeurotrainer</useJob>
        <useLabel>Use neuromod booster</useLabel>
      </li>
      <li Class="CompProperties_UseEffect">
        <compClass>TK_Neuromod_Booster.CompUseEffect_LearnSkill</compClass>
      </li>
      <li Class="CompProperties_UseEffect">
        <compClass>CompUseEffect_DestroySelf</compClass>
      </li>
    </comps>
    <thingSetMakerTags>
      <li>RewardSpecial</li>
    </thingSetMakerTags>
    <thingCategories Inherit="False">
      <li>ANN_Mind</li>
    </thingCategories>
  </ThingDef>

  <!-- ############## Brainwash ############## -->
  <ThingDef ParentName="MechSerumBase">
    <defName>ANN_Brainwash</defName>
    <label>brainwash</label>
    <description>Brainwash device to erase the memory. Affects already learned traits. Don't use this on already brainwashed patients or it might end in unforeseeable results!</description>
    <graphicData>
      <texPath>Things/Item/Special/Brainwash</texPath>
      <graphicClass>Graphic_Single</graphicClass>
    </graphicData>
    <techLevel>Ultra</techLevel>
    <stackLimit>1</stackLimit>
    <tradeNeverStack>true</tradeNeverStack>
    <costList>
      <Uranium>25</Uranium>
      <Neutroamine>150</Neutroamine>
      <ComponentSpacer>1</ComponentSpacer>
    </costList>
    <recipeMaker>
      <researchPrerequisite>ANN_NeuralNetwork</researchPrerequisite>
      <skillRequirements>
        <Medicine>13</Medicine>
      </skillRequirements>
      <recipeUsers Inherit="False">
        <li>FabricationBench</li>
      </recipeUsers>
      <unfinishedThingDef>UnfinishedComponent</unfinishedThingDef>
    </recipeMaker>
    <statBases>
      <MaxHitPoints>80</MaxHitPoints>
      <Mass>0.2</Mass>
      <DeteriorationRate>1.0</DeteriorationRate>
      <Flammability>0.2</Flammability>
      <MarketValue>1100</MarketValue>
      <WorkToMake>100000</WorkToMake>
    </statBases>
    <drawGUIOverlay>false</drawGUIOverlay>
    <comps>
      <li Class="CompProperties_Usable">
        <useJob>UseItem</useJob>
        <useDuration>100</useDuration>
        <useLabel>Use brainwasher</useLabel>
      </li>
      <li Class="CompProperties_UseEffect">
        <compClass>TK_Neuromod_Booster.CompUseEffect_TraitReset</compClass>
      </li>
      <li Class="CompProperties_UseEffect">
        <compClass>CompUseEffect_DestroySelf</compClass>
      </li>
    </comps>
    <thingSetMakerTags>
      <li>RewardSpecial</li>
    </thingSetMakerTags>
    <thingCategories Inherit="False">
      <li>ANN_Mind</li>
    </thingCategories>
    <tradeTags>
      <li>ExoticMisc</li>
    </tradeTags>
  </ThingDef>

  <!-- ############## Passion Giver ############## -->
  <ThingDef ParentName="MechSerumBase">
    <defName>ANN_PassionGiver</defName>
    <label>passion giver</label>
    <description>Inject nanobots which are going to alter your brain cells to inculcate you a random passion. Can fail horrible!</description>
    <graphicData>
      <texPath>Things/Item/Special/PassionGiver</texPath>
      <graphicClass>Graphic_Single</graphicClass>
    </graphicData>
    <techLevel>Ultra</techLevel>
    <stackLimit>1</stackLimit>
    <tradeNeverStack>true</tradeNeverStack>
    <costList>
      <Gold>25</Gold>
      <PsychoidLeaves>75</PsychoidLeaves>
      <ComponentSpacer>1</ComponentSpacer>
    </costList>
    <recipeMaker>
      <researchPrerequisite>ANN_NeuralNetwork</researchPrerequisite>
      <skillRequirements>
        <Medicine>14</Medicine>
      </skillRequirements>
      <recipeUsers Inherit="False">
        <li>FabricationBench</li>
      </recipeUsers>
      <unfinishedThingDef>UnfinishedComponent</unfinishedThingDef>
    </recipeMaker>
    <statBases>
      <MaxHitPoints>80</MaxHitPoints>
      <Mass>0.2</Mass>
      <DeteriorationRate>1.0</DeteriorationRate>
      <Flammability>0.2</Flammability>
      <MarketValue>1100</MarketValue>
      <WorkToMake>100000</WorkToMake>
    </statBases>
    <drawGUIOverlay>false</drawGUIOverlay>
    <comps>
      <li Class="CompProperties_Usable">
        <useJob>UseItem</useJob>
        <useLabel>Use passion giver</useLabel>
        <useDuration>100</useDuration>
      </li>
      <li Class="CompProperties_UseEffect">
        <compClass>TK_Neuromod_Booster.CompUseEffect_PassionGiver</compClass>
      </li>
      <li Class="CompProperties_UseEffect">
        <compClass>CompUseEffect_DestroySelf</compClass>
      </li>
    </comps>
    <thingSetMakerTags>
      <li>RewardSpecial</li>
    </thingSetMakerTags>
    <thingCategories Inherit="False">
      <li>ANN_Mind</li>
    </thingCategories>
    <tradeTags>
      <li>ExoticMisc</li>
    </tradeTags>
  </ThingDef>

  <!-- ############## Mind Clearer ############## -->
  <ThingDef ParentName="MechSerumBase">
    <defName>ANN_MindClearer</defName>
    <label>mind clearer</label>
    <description>Brainwash device to erase the short-term memory. Affects current throughts.</description>
    <graphicData>
      <texPath>Things/Item/Special/MindClearer</texPath>
      <graphicClass>Graphic_Single</graphicClass>
    </graphicData>
    <techLevel>Ultra</techLevel>
    <stackLimit>1</stackLimit>
    <tradeNeverStack>true</tradeNeverStack>
    <costList>
      <Plasteel>25</Plasteel>
      <Neutroamine>75</Neutroamine>
      <ComponentSpacer>1</ComponentSpacer>
    </costList>
    <recipeMaker>
      <researchPrerequisite>ANN_NeuralNetwork</researchPrerequisite>
      <skillRequirements>
        <Medicine>16</Medicine>
      </skillRequirements>
      <recipeUsers Inherit="False">
        <li>FabricationBench</li>
      </recipeUsers>
      <unfinishedThingDef>UnfinishedComponent</unfinishedThingDef>
    </recipeMaker>
    <statBases>
      <MaxHitPoints>80</MaxHitPoints>
      <Mass>0.2</Mass>
      <DeteriorationRate>1.0</DeteriorationRate>
      <Flammability>0.2</Flammability>
      <MarketValue>1100</MarketValue>
      <WorkToMake>100000</WorkToMake>
    </statBases>
    <drawGUIOverlay>false</drawGUIOverlay>
    <comps>
      <li Class="CompProperties_Usable">
        <useJob>UseItem</useJob>
        <useLabel>Use mind clearer</useLabel>
        <useDuration>100</useDuration>
      </li>
      <li Class="CompProperties_UseEffect">
        <compClass>TK_Neuromod_Booster.CompUseEffect_ThoughClearer</compClass>
      </li>
      <li Class="CompProperties_UseEffect">
        <compClass>CompUseEffect_DestroySelf</compClass>
      </li>
    </comps>
    <thingSetMakerTags>
      <li>RewardSpecial</li>
    </thingSetMakerTags>
    <thingCategories Inherit="False">
      <li>ANN_Mind</li>
    </thingCategories>
    <tradeTags>
      <li>ExoticMisc</li>
    </tradeTags>
  </ThingDef>

  <!-- ############## Reconditioner ############## -->
  <ThingDef ParentName="MechSerumBase">
    <defName>ANN_Reconditioner</defName>
    <label>reconditioner</label>
    <description>Inject nanobots which are going to alter your brain cells in a way, that you don't remember, what you did in your life. Changes your backstories. Can result in heavy amnesia.</description>
    <graphicData>
      <texPath>Things/Item/Special/Reconditioner</texPath>
      <graphicClass>Graphic_Single</graphicClass>
    </graphicData>
    <techLevel>Ultra</techLevel>
    <stackLimit>1</stackLimit>
    <tradeNeverStack>true</tradeNeverStack>
    <costList>
      <Plasteel>25</Plasteel>
      <Neutroamine>75</Neutroamine>
      <ComponentSpacer>1</ComponentSpacer>
    </costList>
    <recipeMaker>
      <researchPrerequisite>ANN_NeuralNetwork</researchPrerequisite>
      <skillRequirements>
        <Medicine>17</Medicine>
      </skillRequirements>
      <recipeUsers Inherit="False">
        <li>FabricationBench</li>
      </recipeUsers>
      <unfinishedThingDef>UnfinishedComponent</unfinishedThingDef>
    </recipeMaker>
    <statBases>
      <MaxHitPoints>80</MaxHitPoints>
      <Mass>0.2</Mass>
      <DeteriorationRate>1.0</DeteriorationRate>
      <Flammability>0.2</Flammability>
      <MarketValue>1100</MarketValue>
      <WorkToMake>100000</WorkToMake>
    </statBases>
    <drawGUIOverlay>false</drawGUIOverlay>
    <comps>
      <li Class="CompProperties_Usable">
        <useJob>UseItem</useJob>
        <useLabel>Use reconditionner</useLabel>
        <useDuration>100</useDuration>
      </li>
      <li Class="CompProperties_UseEffect">
        <compClass>TK_Neuromod_Booster.CompUseEffect_Reconditionner</compClass>
      </li>
      <li Class="CompProperties_UseEffect">
        <compClass>CompUseEffect_DestroySelf</compClass>
      </li>
    </comps>
    <thingSetMakerTags>
      <li>RewardSpecial</li>
    </thingSetMakerTags>
    <thingCategories Inherit="False">
      <li>ANN_Mind</li>
    </thingCategories>
    <tradeTags>
      <li>ExoticMisc</li>
    </tradeTags>
  </ThingDef>

</Defs>