<?xml version="1.0" encoding="utf-8" ?>
<Defs>

  <!-- ############## Energy Core ############## -->
  <HediffDef ParentName="AddedBodyPartBase">
    <defName>Trunken_hediff_EnergyCore</defName>
    <hediffClass>TK_Neuromod_Booster.Hediff_FlashLightGreen</hediffClass>
    <label>Energy Core</label>
    <labelNoun>an energy core</labelNoun>
    <defaultLabelColor>(0, 1, 0.61)</defaultLabelColor>
    <stages>
      <li>
        <label>Heart</label>
        <statOffsets>
          <MaxHitPoints>20</MaxHitPoints>
          <MoveSpeed>0.2</MoveSpeed>
          <RestRateMultiplier>0.50</RestRateMultiplier>
        </statOffsets>
      </li>
    </stages>
    <addedPartProps>
      <solid>true</solid>
      <partEfficiency>1.50</partEfficiency>
    </addedPartProps>
    <spawnThingOnRemoved>ANN_EnergyCore</spawnThingOnRemoved>
  </HediffDef>

  <!-- ############## Energy Link ############## -->
  <HediffDef ParentName="AddedBodyPartBase">
    <defName>Trunken_hediff_EnergyLink</defName>
    <label>Energy Link</label>
    <labelNoun>an energy link</labelNoun>
    <stages>
      <li>
        <label>Titanium</label>
        <statOffsets>
          <MaxHitPoints>30</MaxHitPoints>
          <EnergyShieldEnergyMax>0.25</EnergyShieldEnergyMax>
          <EnergyShieldRechargeRate>0.25</EnergyShieldRechargeRate>
        </statOffsets>
      </li>
    </stages>
    <addedPartProps>
      <solid>true</solid>
      <partEfficiency>1.50</partEfficiency>
    </addedPartProps>
    <spawnThingOnRemoved>ANN_EnergyLink</spawnThingOnRemoved>
  </HediffDef>

  <!-- ############## Energy Fist ############## -->
  <HediffDef ParentName="AddedBodyPartBase">
    <defName>Trunken_hediff_EnergyFist</defName>
    <label>Energy Fist</label>
    <labelNoun>an energy fist</labelNoun>
	<defaultLabelColor>(0.85, 0.3, 0)</defaultLabelColor>
    <comps>
      <li Class="HediffCompProperties_VerbGiver">
        <tools>
      <li>
        <label>arm</label>
        <capacities>
      <li>Poke</li>
      </capacities>
      <power>5.0</power>
      <cooldownTime>0.25</cooldownTime>
      <alwaysTreatAsWeapon>false</alwaysTreatAsWeapon>
      </li>
      </tools>
      </li>
    </comps>
    <spawnThingOnRemoved>ANN_EnergyFist</spawnThingOnRemoved>
    <addedPartProps>
      <isGoodWeapon>true</isGoodWeapon>
      <solid>true</solid>
      <partEfficiency>1.50</partEfficiency>
    </addedPartProps>
  </HediffDef>

  <!-- ############## Outer Blade ############## -->
  <HediffDef ParentName="ImplantHediffBase">
    <defName>Trunken_hediff_OuterBlade</defName>
    <label>Outer Blade</label>
    <labelNoun>an outer blade</labelNoun>
    <comps>
      <li Class="HediffCompProperties_VerbGiver">
        <tools>
      <li>
        <label>arm</label>
        <capacities>
      <li>Stab</li>
      </capacities>
      <power>32.0</power>
      <cooldownTime>1.5</cooldownTime>
      <alwaysTreatAsWeapon>false</alwaysTreatAsWeapon>
      </li>
      </tools>
      </li>
    </comps>
    <spawnThingOnRemoved>ANN_OuterBlade</spawnThingOnRemoved>
    <addedPartProps>
      <isGoodWeapon>true</isGoodWeapon>
      <solid>true</solid>
      <partEfficiency>1.10</partEfficiency>
    </addedPartProps>
  </HediffDef>

  <!-- ############## Power Arms ############### -->
  <HediffDef ParentName="AddedBodyPartBase">
    <defName>Trunken_hediff_PowerArms</defName>
    <label>Power Arms</label>
    <labelNoun>a power arm</labelNoun>
	<defaultLabelColor>(0.5, 0.5, 0.9)</defaultLabelColor>
    <comps>
      <li Class="HediffCompProperties_VerbGiver">
        <tools>
      <li>
        <label>arm</label>
        <capacities>
      <li>Blunt</li>
      </capacities>
      <power>25.0</power>
      <cooldownTime>1</cooldownTime>
	  <alwaysTreatAsWeapon>false</alwaysTreatAsWeapon>
      </li>
      </tools>
      </li>
    </comps>
    <stages>
      <li>
        <statOffsets>
          <BluntDamageMultiplier>1.25</BluntDamageMultiplier>
          <CarryingCapacity>+75</CarryingCapacity>
        </statOffsets>
      </li>
    </stages>
    <addedPartProps>
      <isGoodWeapon>true</isGoodWeapon>
      <solid>true</solid>
      <partEfficiency>1.50</partEfficiency>
    </addedPartProps>
    <spawnThingOnRemoved>ANN_PowerArms</spawnThingOnRemoved>
  </HediffDef>

  <!-- ############## Berserker Chip ############## -->
  <HediffDef ParentName="ImplantHediffBase">
    <defName>Trunken_hediff_BerserkerChip</defName>
    <label>Berserker Chip</label>
    <labelNoun>a berserker chip</labelNoun>
    <hediffClass>TK_Neuromod_Booster.HediffGizmoBerserk</hediffClass>
	  <defaultLabelColor>(0.65, 0.3, 0.9)</defaultLabelColor>
    <stages>
      <li>
        <painFactor>0.33</painFactor>
        <statOffsets>
          <MeleeHitChance>15</MeleeHitChance>
          <MeleeDodgeChance>5</MeleeDodgeChance>
          <PainShockThreshold>0.75</PainShockThreshold>
        </statOffsets>
        <capMods>
      <li>
        <capacity>Moving</capacity>
        <offset>0.10</offset>
      </li>
      <li>
        <capacity>Consciousness</capacity>
        <offset>0.10</offset>
      </li>
      </capMods>
      </li>
    </stages>
    <spawnThingOnRemoved>ANN_BerserkerChip</spawnThingOnRemoved>
  </HediffDef>

  <!-- ############## Mindtwist ############## -->
  <HediffDef ParentName="ImplantHediffBase">
    <defName>Trunken_hediff_Mindtwist</defName>
    <label>Mindtwist</label>
    <labelNoun>a mindtwist</labelNoun>
    <defaultLabelColor>(0.85, 0, 0.78)</defaultLabelColor>
    <stages>
      <li>
        <statOffsets>
          <PsychicSensitivity>-1</PsychicSensitivity>
        </statOffsets>
      </li>
    </stages>
    <!-- <spawnThingOnRemoved>ANN_Mindtwist</spawnThingOnRemoved> -->
  </HediffDef>

  <!-- ############## Autonomic Antibodies ############## -->
  <HediffDef ParentName="AddedBodyPartBase">
    <defName>Trunken_hediff_Autonomicviruskiller</defName>
    <label>Autonomic Viruskiller</label>
    <labelNoun>an autonomic viruskiller</labelNoun>
	<defaultLabelColor>(0.5, 0.5, 0.9)</defaultLabelColor>
    <stages>
      <li>
        <label>Antibodies</label>
        <statOffsets>
          <ImmunityGainSpeedFactor>0.33</ImmunityGainSpeedFactor>
          <MedicalTendQualityOffset>0.10</MedicalTendQualityOffset>
        </statOffsets>
        <capMods>
      <li>
        <capacity>BloodFiltration</capacity>
        <offset>0.18</offset>
      </li>
      <li>
        <capacity>BloodPumping</capacity>
        <offset>0.09</offset>
      </li>
      </capMods>
      </li>
    </stages>
    <addedPartProps>
      <solid>true</solid>
      <partEfficiency>1.10</partEfficiency>
    </addedPartProps>
    <spawnThingOnRemoved>ANN_Autonomicviruskiller</spawnThingOnRemoved>
  </HediffDef>

  <!-- ############## Virtual Identity Muse ############## -->
  <HediffDef ParentName="ImplantHediffBase">
    <defName>Trunken_hediff_MuseChip</defName>
    <label>Muse</label>
    <labelNoun>a VI muse chip</labelNoun>
	<defaultLabelColor>(0.65, 0.3, 0.9)</defaultLabelColor>
    <stages>
      <li>
        <label>Virtual Identity</label>
        <statOffsets>
          <MentalBreakThreshold>-0.09</MentalBreakThreshold>
          <GlobalLearningFactor>0.33</GlobalLearningFactor>
        </statOffsets>
      </li>
    </stages>
    <spawnThingOnRemoved>ANN_MuseChip</spawnThingOnRemoved>
  </HediffDef>

  <!-- ############## Neuro Enhancer ############## -->
  <HediffDef ParentName="AddedBodyPartBase">
    <defName>Trunken_hediff_NeuroEnhancer</defName>
    <label>Neuro Enhancer</label>
    <labelNoun>a neuro enhancer</labelNoun>
	<defaultLabelColor>(0.65, 0.3, 0.9)</defaultLabelColor>
    <stages>
      <li>
        <label>Network</label>
        <statOffsets>
          <GlobalLearningFactor>0.33</GlobalLearningFactor>
          <WorkSpeedGlobal>0.10</WorkSpeedGlobal>
        </statOffsets>
      </li>
    </stages>
    <addedPartProps>
      <solid>true</solid>
      <partEfficiency>1.10</partEfficiency>
    </addedPartProps>
    <spawnThingOnRemoved>ANN_NeuroEnhancer</spawnThingOnRemoved>
  </HediffDef>

  <!-- ############## Flash Light ############## -->
  <HediffDef ParentName="AddedBodyPartBase">
    <defName>Trunken_hediff_FlashLight</defName>
    <hediffClass>TK_Neuromod_Booster.Hediff_FlashLight</hediffClass>
    <label>Flash Light</label>
    <labelNoun>a flash light</labelNoun>
    <stages>
      <li>
        <label>Lamp</label>
        <statOffsets>
          <AimingDelayFactor>-0.02</AimingDelayFactor>
          <ConstructionSpeedFactor>0.05</ConstructionSpeedFactor>
          <MiningSpeed>0.10</MiningSpeed>
          <MiningYield>0.15</MiningYield>
        </statOffsets>
        <capMods>
      <li>
        <capacity>Sight</capacity>
        <offset>0.05</offset>
      </li>
      </capMods>
      </li>
    </stages>
    <addedPartProps>
      <solid>true</solid>
      <partEfficiency>1.00</partEfficiency>
    </addedPartProps>
    <spawnThingOnRemoved>ANN_FlashLight</spawnThingOnRemoved>
  </HediffDef>

  <!-- ############## Laser Detection ############## -->
  <HediffDef ParentName="AddedBodyPartBase">
    <defName>Trunken_hediff_LaserDetection</defName>
    <hediffClass>TK_Neuromod_Booster.Hediff_FlashLightRed</hediffClass>
    <label>Laser Detection</label>
    <labelNoun>a laser detection device</labelNoun>
    <defaultLabelColor>(0.85, 0.22, 0)</defaultLabelColor>
    <stages>
      <li>
        <label>Scanner</label>
        <statOffsets>
          <MaxHitPoints>10</MaxHitPoints>
          <AimingDelayFactor>-0.10</AimingDelayFactor>
          <ShootingAccuracyPawn>5</ShootingAccuracyPawn>
        </statOffsets>
        <capMods>
      <li>
        <capacity>Sight</capacity>
        <offset>0.10</offset>
      </li>
      </capMods>
      </li>
    </stages>
    <addedPartProps>
      <solid>true</solid>
      <partEfficiency>1.00</partEfficiency>
    </addedPartProps>
    <spawnThingOnRemoved>ANN_LaserDetection</spawnThingOnRemoved>
  </HediffDef>

  <!-- ############## Sensoric Earside  ############## -->
  <HediffDef ParentName="AddedBodyPartBase">
    <defName>Trunken_hediff_SensoricEarside</defName>
    <label>Sensoric Earside</label>
    <labelNoun>a sensoric earside</labelNoun>
	<defaultLabelColor>(0.65, 0.3, 0.9)</defaultLabelColor>
    <stages>
      <li>
        <statOffsets>
          <MedicalTendQualityOffset>0.10</MedicalTendQualityOffset>
          <AimingDelayFactor>-0.10</AimingDelayFactor>
          <MeleeDodgeChance>5</MeleeDodgeChance>
        </statOffsets>
        <capMods>
      <li>
        <capacity>Hearing</capacity>
        <offset>0.18</offset>
      </li>
      </capMods>
      </li>
    </stages>
    <addedPartProps>
      <solid>true</solid>
      <partEfficiency>1.10</partEfficiency>
    </addedPartProps>
    <spawnThingOnRemoved>ANN_SensoricEarside</spawnThingOnRemoved>
  </HediffDef>

  <!-- ############## Combat AI ############## -->
  <HediffDef ParentName="ImplantHediffBase">
    <defName>Trunken_hediff_CombatAI</defName>
    <label>Combat AI</label>
    <labelNoun>a combat ai</labelNoun>
    <defaultLabelColor>(0.85, 0, 0.78)</defaultLabelColor>
    <stages>
      <li>

        <statOffsets>
          <MaxHitPoints>30</MaxHitPoints>
          <MentalBreakThreshold>-0.18</MentalBreakThreshold>
          <AimingDelayFactor>-0.25</AimingDelayFactor>
        </statOffsets>
        <capMods>
      <li>
        <capacity>Consciousness</capacity>
        <offset>0.10</offset>
      </li>
      </capMods>
      </li>
    </stages>
    <spawnThingOnRemoved>ANN_CombatAI</spawnThingOnRemoved>
  </HediffDef>

  <!-- ############## Cyclops Visor ############## -->
  <HediffDef ParentName="AddedBodyPartBase">
    <defName>Trunken_hediff_CyclopsVisor</defName>
    <label>Cyclops Visor</label>
    <labelNoun>a cyclops visor</labelNoun>
	<defaultLabelColor>(0.65, 0.3, 0.9)</defaultLabelColor>
    <stages>
      <li>
        <statOffsets>
          <RangedWeapon_Cooldown>-0.1</RangedWeapon_Cooldown>
          <AimingDelayFactor>-0.1</AimingDelayFactor>
          <ShootingAccuracyPawn>5</ShootingAccuracyPawn>
        </statOffsets>
        <capMods>
      <li>
        <capacity>Sight</capacity>
        <offset>0.18</offset>
      </li>
      </capMods>
      </li>
    </stages>
    <addedPartProps>
      <solid>true</solid>
      <partEfficiency>1.10</partEfficiency>
    </addedPartProps>
    <spawnThingOnRemoved>ANN_CyclopsVisor</spawnThingOnRemoved>
  </HediffDef>

  <!-- ############## Shadowrunner ############## -->
  <HediffDef ParentName="AddedBodyPartBase">
    <defName>Trunken_hediff_Shadowrunner</defName>
    <label>Shadowrunner</label>
    <labelNoun>a shadowrunner lung cleansing device</labelNoun>
	<defaultLabelColor>(0.65, 0.3, 0.9)</defaultLabelColor>
    <stages>
      <li>
        <statOffsets>
          <HuntingStealth>0.50</HuntingStealth>
          <SmokepopBeltRadius>2</SmokepopBeltRadius>
          <ToxicSensitivity>-0.50</ToxicSensitivity>
        </statOffsets>
        <capMods>
		  <li>
			<capacity>Breathing</capacity>
			<offset>0.05</offset>
		  </li>
		</capMods>
      </li>
    </stages>
    <addedPartProps>
      <solid>true</solid>
      <partEfficiency>1.33</partEfficiency>
    </addedPartProps>
    <spawnThingOnRemoved>ANN_Shadowrunner</spawnThingOnRemoved>
  </HediffDef>

  <!-- ############## Musclewire ############## -->
  <HediffDef ParentName="ImplantHediffBase">
    <defName>Trunken_hediff_Musclewire</defName>
    <label>Musclewire</label>
    <labelNoun>a musclewire</labelNoun>
    <stages>
      <li>
        <partEfficiencyOffset>0.33</partEfficiencyOffset> <!-- check -->
        <statOffsets>
          <MaxHitPoints>50</MaxHitPoints>
          <WorkSpeedGlobal>0.10</WorkSpeedGlobal>
        </statOffsets>
        <capMods>
		  <li>
			<capacity>Moving</capacity>
			<offset>0.10</offset>
		  </li>
		</capMods>
      </li>
    </stages>
    <spawnThingOnRemoved>ANN_Musclewire</spawnThingOnRemoved>
  </HediffDef>

  <!-- ############## Dermalplating ############## -->
  <HediffDef ParentName="ImplantHediffBase">
    <defName>Trunken_hediff_Dermalplating</defName>
    <label>Dermalplating</label>
    <labelNoun>a dermalplating</labelNoun>
    <defaultLabelColor>(0.85, 0.3, 0)</defaultLabelColor>
    <stages>
      <li>
        <label>Titanium</label>
        <painFactor>0.5</painFactor>
        <statOffsets>
          <MaxHitPoints>80</MaxHitPoints>
          <ArmorRating_Blunt>0.33</ArmorRating_Blunt>
          <ArmorRating_Heat>0.33</ArmorRating_Heat>
          <ArmorRating_Sharp>0.33</ArmorRating_Sharp>
        </statOffsets>
      </li>
    </stages>
  </HediffDef>

  <!-- ############## Exoskeleton Armor ############## -->
  <HediffDef ParentName="ImplantHediffBase">
    <defName>Trunken_hediff_ExoskeletonArmor</defName>
    <label>Exoskeleton Armor</label>
    <labelNoun>an exoskeleton armor</labelNoun>
    <defaultLabelColor>(0.85, 0.3, 0)</defaultLabelColor>
    <stages>
      <li>
        <label>Legacy</label>
        <statOffsets>
          <MaxHitPoints>120</MaxHitPoints>
          <ArmorRating_Blunt>0.5</ArmorRating_Blunt>
          <ArmorRating_Heat>0.1</ArmorRating_Heat>
          <ArmorRating_Sharp>0.1</ArmorRating_Sharp>
        </statOffsets>
      </li>
    </stages>
  </HediffDef>

  <!-- ############## Lionheart ############## -->
  <HediffDef ParentName="AddedBodyPartBase">
    <defName>Trunken_hediff_Lionheart</defName>
    <label>Lionheart</label>
    <labelNoun>a lionheart</labelNoun>
	<defaultLabelColor>(0.5, 0.5, 0.9)</defaultLabelColor>
    <stages>
      <li>
        <statOffsets>
		  <SharpDamageMultiplier>1.1</SharpDamageMultiplier>
          <MeleeDodgeChance>15</MeleeDodgeChance>
          <FoodPoisonChanceFixedHuman>-0.10</FoodPoisonChanceFixedHuman>
        </statOffsets>
        <capMods>
		  <li>
			<capacity>Moving</capacity>
			<offset>0.10</offset>
		  </li>
		</capMods>
      </li>
    </stages>
    <addedPartProps>
      <solid>true</solid>
      <partEfficiency>1.10</partEfficiency>
    </addedPartProps>
    <spawnThingOnRemoved>ANN_Lionheart</spawnThingOnRemoved>
  </HediffDef>

  <!-- ############## Aurum ############## -->
  <HediffDef ParentName="AddedBodyPartBase">
    <defName>Trunken_hediff_Aurum</defName>
    <label>Aurum</label>
    <labelNoun>a golden eye</labelNoun>
	<defaultLabelColor>(0.5, 0.5, 0.9)</defaultLabelColor>
    <stages>
      <li>
        <statOffsets>
          <TradePriceImprovement>0.20</TradePriceImprovement>
		  <NegotiationAbility>0.10</NegotiationAbility>
        </statOffsets>
      </li>
    </stages>
    <addedPartProps>
      <solid>true</solid>
      <partEfficiency>1.10</partEfficiency>
    </addedPartProps>
    <spawnThingOnRemoved>ANN_Aurum</spawnThingOnRemoved>
  </HediffDef>

  <!-- ############## Aurean Cornea ############## -->
  <HediffDef ParentName="ImplantHediffBase">
    <defName>Trunken_hediff_AureanCornea</defName>
    <label>Aurean Cornea</label>
    <labelNoun>a golden eye</labelNoun>
	<defaultLabelColor>(0.65, 0.3, 0.9)</defaultLabelColor>
    <stages>
      <li>
        <statOffsets>
          <SocialImpact>0.20</SocialImpact>
          <TradePriceImprovement>0.10</TradePriceImprovement>
        </statOffsets>
      </li>
    </stages>
    <addedPartProps>
      <solid>true</solid>
      <partEfficiency>1.10</partEfficiency>
    </addedPartProps>
    <spawnThingOnRemoved>ANN_AureanCornea</spawnThingOnRemoved>
  </HediffDef>

  <!-- ############## Synchronizer ############## -->
  <HediffDef ParentName="ImplantHediffBase">
    <defName>Trunken_hediff_Synchronizer</defName>
    <label>Synchronizer</label>
    <labelNoun>a synchronizer</labelNoun>
    <defaultLabelColor>(0.85, 0, 0.78)</defaultLabelColor>
    <stages>
      <li>
        <label>Screen</label>
        <statOffsets>
          <TrapSpringChance>-0.18</TrapSpringChance>
        </statOffsets>
        <capMods>
		  <li>
			<capacity>Manipulation</capacity>
			<offset>0.10</offset>
		  </li>
        </capMods>
      </li>
    </stages>
    <spawnThingOnRemoved>ANN_Synchronizer</spawnThingOnRemoved>
  </HediffDef>

  <!-- ############## Elastic Achilles ############## -->
  <HediffDef ParentName="ImplantHediffBase">
    <defName>Trunken_hediff_ElasticAchilles</defName>
    <label>Elastic Achilles</label>
    <labelNoun>a bionic achilles</labelNoun>
	<defaultLabelColor>(0.65, 0.3, 0.9)</defaultLabelColor>
    <stages>
      <li>
        <statOffsets>
          <TrapSpringChance>-0.09</TrapSpringChance>
		  <MeleeHitChance>4</MeleeHitChance>
        </statOffsets>
        <capMods>
		  <li>
			<capacity>Moving</capacity>
			<offset>0.05</offset>
		  </li>
        </capMods>
      </li>
    </stages>
    <addedPartProps>
      <solid>true</solid>
      <partEfficiency>1.15</partEfficiency>
    </addedPartProps>
    <spawnThingOnRemoved>ANN_ElasticAchilles</spawnThingOnRemoved>
  </HediffDef>

</Defs>