<?xml version="1.0" encoding="utf-8" ?>
<Defs>

<!-- ############## Paraplexis ############## -->
  <HediffDef ParentName="MechanitesBase">
    <defName>Trunken_hediff_Paraplexis</defName>
    <label>&lt;color=#c48b0e&gt;Paraplexis&lt;/color&gt;</label>
	<tendable>false</tendable>
    <comps Inherit="false">
      <li Class="HediffCompProperties_Disappears">
        <disappearsAfterTicks>
          <min>1800000</min>
          <max>3600000</max>
        </disappearsAfterTicks>
      </li>
	  <li Class="HediffCompProperties_SeverityPerDay">
		<severityPerDay>-0.005</severityPerDay>
      </li>
	  <li Class="HediffCompProperties_RecoveryThought">
		<thought>Catharsis</thought>
      </li>
	</comps>
    <stages>
      <li>
        <painOffset>0.2</painOffset>
        <label>mild pain</label>
        <restFallFactorOffset>0.7</restFallFactorOffset>
        <capMods>
          <li>
            <capacity>Manipulation</capacity>
            <offset>0.5</offset>
          </li>
          <li>
            <capacity>Moving</capacity>
            <offset>0.5</offset>
          </li>
          <li>
            <capacity>Consciousness</capacity>
            <offset>-0.5</offset>
		  </li>
        </capMods>
      </li>
      <li>
        <minSeverity>0.5</minSeverity>
        <label>intense pain</label>
        <painOffset>0.6</painOffset>
        <restFallFactorOffset>1.0</restFallFactorOffset>
        <capMods>
          <li>
            <capacity>Manipulation</capacity>
            <offset>0.5</offset>
          </li>
          <li>
            <capacity>Moving</capacity>
            <offset>0.5</offset>
          </li>
          <li>
            <capacity>Consciousness</capacity>
            <offset>-0.5</offset>
		  </li>
        </capMods>
      </li>
    </stages>
  </HediffDef>

<!-- ############## White Noise ############## -->
  <HediffDef ParentName="DiseaseBase">
    <defName>Trunken_hediff_WhiteNoise</defName>
    <label>White Noise</label>
    <defaultLabelColor>(0.85, 0.85, 0.85)</defaultLabelColor>
    <stages>
      <li>
		<partEfficiencyOffset>-0.15</partEfficiencyOffset>
        <capMods>
          <li>
            <capacity>Talking</capacity>
            <offset>-0.15</offset>
          </li>
          <li>
            <capacity>Hearing</capacity>
            <offset>-0.25</offset>
          </li>
          <li>
            <capacity>Sight</capacity>
            <offset>-0.35</offset>
          </li>
        </capMods>
        <mentalStateGivers>
          <li>
            <mentalState>WanderConfused</mentalState>
            <mtbDays>5</mtbDays>
          </li>
        </mentalStateGivers>
      </li>
    </stages>
  </HediffDef>

  <!-- ############## Brainwash ############## -->
  <HediffDef ParentName="DiseaseBase">
    <defName>Trunken_hediff_Brainwash</defName>
    <label>Brainwash</label>
    <defaultLabelColor>(0.85, 0.85, 0.85)</defaultLabelColor>
    <tendable>false</tendable>
    <stages>
      <li>
        <label>Irreversible</label>
      </li>
    </stages>
  </HediffDef>

  <!-- ############## Amnesiah ############## -->
  <HediffDef ParentName="DiseaseBase">
    <defName>Trunken_hediff_Amnesiah</defName>
    <label>Amnesiah</label>
    <scenarioCanAdd>true</scenarioCanAdd>
    <defaultLabelColor>(0.85, 0.85, 0.85)</defaultLabelColor>
    <tendable>false</tendable>
    <comps Inherit="false">
      <li Class="HediffCompProperties_Disappears">
        <disappearsAfterTicks>
          <min>800000</min>
          <max>4000000</max>
        </disappearsAfterTicks>
      </li>
	  <li Class="HediffCompProperties_SeverityPerDay">
		<severityPerDay>-0.10</severityPerDay>
      </li>
	  <li Class="HediffCompProperties_RecoveryThought">
		<thought>Catharsis</thought>
      </li>
	</comps>
    <stages>
      <li>
		<partEfficiencyOffset>-0.25</partEfficiencyOffset>
        <capMods>
          <li>
            <capacity>Consciousness</capacity>
            <offset>-0.15</offset>
          </li>
        </capMods>
        <mentalStateGivers>
          <li>
            <mentalState>WanderConfused</mentalState>
            <mtbDays>10</mtbDays>
          </li>
        </mentalStateGivers>
      </li>
    </stages>
  </HediffDef>

</Defs>