<?xml version="1.0" encoding="utf-8" ?>
<Defs>

  <ThoughtDef>
    <defName>ANN_VirtualIdentity</defName>
    <workerClass>ThoughtWorker_Hediff</workerClass>
    <hediff>Trunken_hediff_MuseChip</hediff>
    <validWhileDespawned>true</validWhileDespawned>
    <stages>
      <li>
        <label>VI</label>
        <description>Feels amazing to always have a friend by my side.</description>
        <baseMoodEffect>5</baseMoodEffect>
      </li>
    </stages>
  </ThoughtDef>

  <ThoughtDef>
    <defName>ANN_SeeEverything</defName>
    <workerClass>ThoughtWorker_Hediff</workerClass>
    <hediff>Trunken_hediff_Zoom</hediff>
    <validWhileDespawned>true</validWhileDespawned>
    <stages>
      <li>
        <label>Zoom</label>
        <description>Never saw things so clear in my life.</description>
        <baseMoodEffect>5</baseMoodEffect>
      </li>
    </stages>
  </ThoughtDef>

</Defs>